Country Name,Country Code,Indicator Name,Indicator Code,1960,1961,1962,1963,1964,1965,1966,1967,1968,1969,1970,1971,1972,1973,1974,1975,1976,1977,1978,1979,1980,1981,1982,1983,1984,1985,1986,1987,1988,1989,1990,1991,1992,1993,1994,1995,1996,1997,1998,1999,2000,2001,2002,2003,2004,2005,2006,2007,2008,2009,2010,2011,2012,2013,2014,2015,2016
Aruba,ABW,Fertilizer consumption (kilograms per hectare of arable land),AG.CON.FERT.ZS,,,,,,,,,,,,,,,,,,,,,,,,,,,,,,,,,,,,,,,,,,,,,,,,,,,,,,,,,
Andorra,AND,Fertilizer consumption (kilograms per hectare of arable land),AG.CON.FERT.ZS,,,,,,,,,,,,,,,,,,,,,,,,,,,,,,,,,,,,,,,,,,,,,,,,,,,,,,,,,
Afghanistan,AFG,Fertilizer consumption (kilograms per hectare of arable land),AG.CON.FERT.ZS,,,,,,,,,,,,,,,,,,,,,,,,,,,,,,,,,,,,,,,,,,,3.40336025006512,3.27509006690685,4.53556806550665,4.24035874439462,6.29099307159353,3.61880934051835,2.98806774441878,4.52149364814577,4.2549724111382,6.33102297522783,4.59961489088575,5.06974951830443,,,
Angola,AGO,Fertilizer consumption (kilograms per hectare of arable land),AG.CON.FERT.ZS,,,,,,,,,,,,,,,,,,,,,,,,,,,,,,,,,,,,,,,,,,,1.65903225806452,1.78878787878788,4.50151515151515,2.26060606060606,3.66,3305,8.25882352941177,5.47225,8.43,8.16787234042553,10.1436170212766,8.84428571428571,,,
Albania,ALB,Fertilizer consumption (kilograms per hectare of arable land),AG.CON.FERT.ZS,,,,,,,,,,,,,,,,,,,,,,,,,,,,,,,,,,,,,,,,,,,97.1851211072664,98.9325259515571,100.598615916955,111.596654275093,85.0924657534247,87.1678200692042,75.8770491803279,89.3858784893268,97.3226837060703,97.1366559485531,92.771765465999,87.4769081186193,,,
Arab World,ARB,Fertilizer consumption (kilograms per hectare of arable land),AG.CON.FERT.ZS,,,,,,,,,,,,,,,,,,,,,,,,,,,,,,,,,,,,,,,,,,,62.5011137859733,69.8169780135301,64.085983138311,68.8126428323794,59.4307253307628,61.6573129821616,64.8775055519505,58.081580150008,63.2389128228934,74.5059002531368,80.5253986983861,78.2009663079928,,,
United Arab Emirates,ARE,Fertilizer consumption (kilograms per hectare of arable land),AG.CON.FERT.ZS,,,,,,,,,,,,,,,,,,,,,,,,,,,,,,,,,,,,,,,,,,,672.266666666667,939375,495.555555555556,218.544117647059,911.462450592885,1104.93273542601,423.643410852713,1324.8496993988,674.901185770751,757.649667405765,767.11590296496,855.466666666667,,,
Argentina,ARG,Fertilizer consumption (kilograms per hectare of arable land),AG.CON.FERT.ZS,,,,,,,,,,,,,,,,,,,,,,,,,,,,,,,,,,,,,,,,,,,30.2339386978681,41.8467062945596,45.3091145410236,36.4023102059427,41.4112583921501,49.2567178107759,35.214968378662,22.9847777907384,39.1808009267792,41.7174131662412,35.3091009709715,36.1456711755964,,,
Armenia,ARM,Fertilizer consumption (kilograms per hectare of arable land),AG.CON.FERT.ZS,,,,,,,,,,,,,,,,,,,,,,,,,,,,,,,,,,,,,,,,,,,34.5230769230769,22.9978021978022,31.6505494505495,22.6923076923077,27.8449988960035,15.3328909533289,18.1505328596803,29.6662216288385,24.2028985507246,27.3686553873553,33.7042818911686,45.1985720660419,,,
American Samoa,ASM,Fertilizer consumption (kilograms per hectare of arable land),AG.CON.FERT.ZS,,,,,,,,,,,,,,,,,,,,,,,,,,,,,,,,,,,,,,,,,,,,,,,,,,,,,,,,,
Antigua and Barbuda,ATG,Fertilizer consumption (kilograms per hectare of arable land),AG.CON.FERT.ZS,,,,,,,,,,,,,,,,,,,,,,,,,,,,,,,,,,,,,,,,,,,13,27.25,7.5,6,4.5,0.5,3.5,13.25,3,3.25,4.5,8.5,,,
Australia,AUS,Fertilizer consumption (kilograms per hectare of arable land),AG.CON.FERT.ZS,,,,,,,,,,,,,,,,,,,,,,,,,,,,,,,,,,,,,,,,,,,47.5700328458754,46.2096088435374,50.9394047294891,44.8544593336302,43.4601278423976,46.8146805618487,42.6044248391278,36.2504384426517,46.3164818643112,45.2787449137967,44.6988516969838,50.895951881261,,,
Austria,AUT,Fertilizer consumption (kilograms per hectare of arable land),AG.CON.FERT.ZS,,,,,,,,,,,,,,,,,,,,,,,,,,,,,,,,,,,,,,,,,,,235.025016314988,297.138468004319,131.352233178654,135.720856118495,130.678369705682,110.249088081847,110.045288531775,83.4062637201815,108.487314855551,103.38162830036,103.682385063833,103.766617429838,,,
Azerbaijan,AZE,Fertilizer consumption (kilograms per hectare of arable land),AG.CON.FERT.ZS,,,,,,,,,,,,,,,,,,,,,,,,,,,,,,,,,,,,,,,,,,,10.4337887116965,7.64209953766658,11.9747921986201,13.3604600694444,13.3389453103785,10.6375404530744,20.9375335985378,13.4114194236926,9.95488562178228,15.5745876862704,17.9702657106706,17.6034903651379,,,
Burundi,BDI,Fertilizer consumption (kilograms per hectare of arable land),AG.CON.FERT.ZS,,,,,,,,,,,,,,,,,,,,,,,,,,,,,,,,,,,,,,,,,,,1.34381338742394,0.304040404040404,1.11167512690355,3.54602510460251,3.34333333333333,2.01882352941176,2.17111111111111,1.86105263157895,3.62736842105263,5635,5.69909090909091,7.3675,,,
Belgium,BEL,Fertilizer consumption (kilograms per hectare of arable land),AG.CON.FERT.ZS,,,,,,,,,,,,,,,,,,,,,,,,,,,,,,,,,,,,,,,,,,,327.891826923077,313.837125748503,339.855952380952,329.143534994069,316.452494061758,316.393325387366,328.912322274881,246.543504171633,279.170263788969,286.543689320388,294.403990024938,286.613970588235,,,
Benin,BEN,Fertilizer consumption (kilograms per hectare of arable land),AG.CON.FERT.ZS,,,,,,,,,,,,,,,,,,,,,,,,,,,,,,,,,,,,,,,,,,,16.3666666666667,0.802264150943396,0.0527272727272727,0.454074074074074,0.0132,0.2456,0.308076923076923,6.67755102040816,8.99015748031496,5.42015503875969,19.437037037037,5.51888888888889,,,
Burkina Faso,BFA,Fertilizer consumption (kilograms per hectare of arable land),AG.CON.FERT.ZS,,,,,,,,,,,,,,,,,,,,,,,,,,,,,,,,,,,,,,,,,,,0.427659574468085,10.3913725490196,12.540652173913,15.2436734693878,13.4042553191489,10.1010204081633,9.5345,9.4519298245614,9.4285,10.7024561403509,10.9976666666667,14.3179032258065,,,
Bangladesh,BGD,Fertilizer consumption (kilograms per hectare of arable land),AG.CON.FERT.ZS,,,,,,,,,,,,,,,,,,,,,,,,,,,,,,,,,,,,,,,,,,,188.639161517024,160.266893534273,170.671374186418,197.748704335735,193.190101522843,184.411079836233,200.064077918749,188.852873268343,212.963932742909,271.306850742381,278.830638852673,208.662933055483,,,
Bulgaria,BGR,Fertilizer consumption (kilograms per hectare of arable land),AG.CON.FERT.ZS,,,,,,,,,,,,,,,,,,,,,,,,,,,,,,,,,,,,,,,,,,,113.768405365127,147.327414986458,80.8517959553275,74.2319571383549,73.9399744572158,102.009400324149,111.242875647668,104.600445009536,97.053358443189,133.082461538462,121.790171842026,136.335441218741,,,
Bahrain,BHR,Fertilizer consumption (kilograms per hectare of arable land),AG.CON.FERT.ZS,,,,,,,,,,,,,,,,,,,,,,,,,,,,,,,,,,,,,,,,,,,8964.5,103.529411764706,0,2906.66666666667,9436.55172413793,798.571428571429,1993.33333333333,947.794117647059,1721.25,1178125,1553125,1031.25,,,
"Bahamas, The",BHS,Fertilizer consumption (kilograms per hectare of arable land),AG.CON.FERT.ZS,,,,,,,,,,,,,,,,,,,,,,,,,,,,,,,,,,,,,,,,,,,,,,,,,,,,,,,,,
Bosnia and Herzegovina,BIH,Fertilizer consumption (kilograms per hectare of arable land),AG.CON.FERT.ZS,,,,,,,,,,,,,,,,,,,,,,,,,,,,,,,,,,,,,,,,,,,32.6980942828485,17.6568338249754,58.442607003891,24.6370731707317,15.4839337877313,21.3003913894325,11.8710317460317,72.7121364092277,81.5298804780876,103.843781094527,98.4436689930209,91.4465346534653,,,
Belarus,BLR,Fertilizer consumption (kilograms per hectare of arable land),AG.CON.FERT.ZS,,,,,,,,,,,,,,,,,,,,,,,,,,,,,,,,,,,,,,,,,,,135.986467236467,135.625785598851,146.917808219178,167.70119090581,231.967509025271,218.354774415655,237.418419144307,281.114718614719,270.460704607046,303.888587448001,271.387178558493,255.714644561668,,,
Belize,BLZ,Fertilizer consumption (kilograms per hectare of arable land),AG.CON.FERT.ZS,,,,,,,,,,,,,,,,,,,,,,,,,,,,,,,,,,,,,,,,,,,367.728571428571,382.371428571429,78.6571428571429,81,89.2571428571429,60.8714285714286,49.7571428571429,121.438356164384,58.0133333333333,234.706666666667,137.038461538462,172.782051282051,,,
Bermuda,BMU,Fertilizer consumption (kilograms per hectare of arable land),AG.CON.FERT.ZS,,,,,,,,,,,,,,,,,,,,,,,,,,,,,,,,,,,,,,,,,,,,,,,,,,,,,,,,,
Bolivia,BOL,Fertilizer consumption (kilograms per hectare of arable land),AG.CON.FERT.ZS,,,,,,,,,,,,,,,,,,,,,,,,,,,,,,,,,,,,,,,,,,,4.04272727272727,3.67558338076266,5.06426376082705,6.47293746715712,4.00880600880601,6.24675655049606,4.98461538461538,5.57059679767103,7.85512723607962,8.35728542914172,7.846542614289,9.67552951780081,,,
Brazil,BRA,Fertilizer consumption (kilograms per hectare of arable land),AG.CON.FERT.ZS,,,,,,,,,,,,,,,,,,,,,,,,,,,,,,,,,,,,,,,,,,,120.840839620187,152.305241823189,150.94595108815,120.100351374409,124.031867468147,165.169737380827,141.838604982206,118.256743327655,156.189872518227,183.014804975579,181.732808131447,175.660146747518,,,
Barbados,BRB,Fertilizer consumption (kilograms per hectare of arable land),AG.CON.FERT.ZS,,,,,,,,,,,,,,,,,,,,,,,,,,,,,,,,,,,,,,,,,,,45.8571428571429,79.7142857142857,214.230769230769,109.076923076923,139,133.615384615385,135.153846153846,77,135.083333333333,96.2727272727273,173.545454545455,101.909090909091,,,
Brunei Darussalam,BRN,Fertilizer consumption (kilograms per hectare of arable land),AG.CON.FERT.ZS,,,,,,,,,,,,,,,,,,,,,,,,,,,,,,,,,,,,,,,,,,,336,102,151.5,308.5,66,377,112.666666666667,103,431.75,117.5,113.5,44.6,,,
Bhutan,BTN,Fertilizer consumption (kilograms per hectare of arable land),AG.CON.FERT.ZS,,,,,,,,,,,,,,,,,,,,,,,,,,,,,,,,,,,,,,,,,,,9.75675675675676,9.89189189189189,7.39873417721519,7.55688622754491,7.62062128222075,9.00953778429934,11.66,23.96,10.0397614314115,13.0538922155689,10.688622754491,15.189620758483,,,
Botswana,BWA,Fertilizer consumption (kilograms per hectare of arable land),AG.CON.FERT.ZS,,,,,,,,,,,,,,,,,,,,,,,,,,,,,,,,,,,,,,,,,,,,,,,,,,48.6044303797468,83.1274131274131,29.4537037037037,54.2105263157895,82.6691176470588,,,
Central African Republic,CAF,Fertilizer consumption (kilograms per hectare of arable land),AG.CON.FERT.ZS,,,,,,,,,,,,,,,,,,,,,,,,,,,,,,,,,,,,,,,,,,,,,,,,,,,,,,,,,
Canada,CAN,Fertilizer consumption (kilograms per hectare of arable land),AG.CON.FERT.ZS,,,,,,,,,,,,,,,,,,,,,,,,,,,,,,,,,,,,,,,,,,,57.6301666447973,58.9276106466548,54.632774829917,61.8212786638979,46.9949459123958,68.6041447530381,63.9640710444254,62.2087573586456,69.1755881742978,85.2419242226773,78.1686812588479,88.2517913535881,,,
Central Europe and the Baltics,CEB,Fertilizer consumption (kilograms per hectare of arable land),AG.CON.FERT.ZS,,,,,,,,,,,,,,,,,,,,,,,,,,,,,,,,,,,,,,,,,,,91.3040752351097,102.452674683807,100.568835478417,106.608204307983,108.360953941874,120.127394666752,112.627557249477,96.5899918440369,113.379622523636,115.24341017997,119.815913737511,129.296279345251,,,
Switzerland,CHE,Fertilizer consumption (kilograms per hectare of arable land),AG.CON.FERT.ZS,,,,,,,,,,,,,,,,,,,,,,,,,,,,,,,,,,,,,,,,,,,196.206220915993,203.369378225608,216.437884378844,227.964057114722,228.653562653563,229.896704377767,227.272951021413,190.830049261084,218.383189122373,212.16390195593,209.207528479445,194.783254892247,,,
Channel Islands,CHI,Fertilizer consumption (kilograms per hectare of arable land),AG.CON.FERT.ZS,,,,,,,,,,,,,,,,,,,,,,,,,,,,,,,,,,,,,,,,,,,,,,,,,,,,,,,,,
Chile,CHL,Fertilizer consumption (kilograms per hectare of arable land),AG.CON.FERT.ZS,,,,,,,,,,,,,,,,,,,,,,,,,,,,,,,,,,,,,,,,,,,307.773333333333,330.142666666667,491.352666666667,434.761379310345,475.814074074074,532.413112164297,691.456288343558,610.552511415525,373.248623131393,562.18890787634,470.586695388114,579.130634071811,,,
China,CHN,Fertilizer consumption (kilograms per hectare of arable land),AG.CON.FERT.ZS,,,,,,,,,,,,,,,,,,,,,,,,,,,,,,,,,,,,,,,,,,,287.502183406114,295.595344673232,306.917562724014,308.472160356347,325.823367065317,332.193390791354,335.584002367827,342.731154845897,349.347136728222,357.275628989861,372.56419939577,364.377601210745,,,
Cote d'Ivoire,CIV,Fertilizer consumption (kilograms per hectare of arable land),AG.CON.FERT.ZS,,,,,,,,,,,,,,,,,,,,,,,,,,,,,,,,,,,,,,,,,,,31.0189285714286,29.3453571428571,27.2189285714286,17.7803571428571,22.7725,23.99,18.211724137931,15.3075862068966,32.0858620689655,19.368275862069,25.4489655172414,36.1344827586207,,,
Cameroon,CMR,Fertilizer consumption (kilograms per hectare of arable land),AG.CON.FERT.ZS,,,,,,,,,,,,,,,,,,,,,,,,,,,,,,,,,,,,,,,,,,,9.76862416107383,8.15520134228188,11.0627516778523,7.9989937950696,9.03219855777293,8.62284085192017,6.5574375314439,7.00285091396948,9.23903225806452,11.0974193548387,10.0595161290323,6.66790322580645,,,
"Congo, Rep.",COG,Fertilizer consumption (kilograms per hectare of arable land),AG.CON.FERT.ZS,,,,,,,,,,,,,,,,,,,,,,,,,,,,,,,,,,,,,,,,,,,,,2.65102040816327,0.0653061224489796,0.0530612244897959,0.359183673469388,0.746938775510204,4578,0.541176470588235,0.39622641509434,1.24528301886792,2.28181818181818,,,
Colombia,COL,Fertilizer consumption (kilograms per hectare of arable land),AG.CON.FERT.ZS,,,,,,,,,,,,,,,,,,,,,,,,,,,,,,,,,,,,,,,,,,,309.002261420172,324.809628975265,320.96291331546,445.133267522211,571.249606216528,544.291291291291,486.731693989071,497.268169014084,585.191718661373,745.296973518285,747.115335868188,648.637336504162,,,
Comoros,COM,Fertilizer consumption (kilograms per hectare of arable land),AG.CON.FERT.ZS,,,,,,,,,,,,,,,,,,,,,,,,,,,,,,,,,,,,,,,,,,,,,,,,,,,,,,,,,
Cabo Verde,CPV,Fertilizer consumption (kilograms per hectare of arable land),AG.CON.FERT.ZS,,,,,,,,,,,,,,,,,,,,,,,,,,,,,,,,,,,,,,,,,,,,,,,,,,,,,,,,,
Costa Rica,CRI,Fertilizer consumption (kilograms per hectare of arable land),AG.CON.FERT.ZS,,,,,,,,,,,,,,,,,,,,,,,,,,,,,,,,,,,,,,,,,,,537.01,847.290476190476,726.695238095238,980.87619047619,826.704761904762,790195,707.48,753.236363636364,544.991111111111,712.543103448276,744.504310344828,699.887931034483,,,
Caribbean small states,CSS,Fertilizer consumption (kilograms per hectare of arable land),AG.CON.FERT.ZS,,,,,,,,,,,,,,,,,,,,,,,,,,,,,,,,,,,,,,,,,,,109.690571049137,84.8857142857143,73.2076215505913,57.8687131774308,87.9216691272737,48.0933720979227,114.617874736101,58.0275482093664,81.2739820565908,74.0550206327373,72.5662983425414,69.025956284153,,,
Cuba,CUB,Fertilizer consumption (kilograms per hectare of arable land),AG.CON.FERT.ZS,,,,,,,,,,,,,,,,,,,,,,,,,,,,,,,,,,,,,,,,,,,38.1047919957873,16.5026652452026,18.5302212628171,22.380174291939,32.1194276279582,35.699132381752,43.5780653252009,17.6022865765191,29.8959718651181,41.5876313491705,51.2045041309133,49.4357495881384,,,
Curacao,CUW,Fertilizer consumption (kilograms per hectare of arable land),AG.CON.FERT.ZS,,,,,,,,,,,,,,,,,,,,,,,,,,,,,,,,,,,,,,,,,,,,,,,,,,,,,,,,,
Cayman Islands,CYM,Fertilizer consumption (kilograms per hectare of arable land),AG.CON.FERT.ZS,,,,,,,,,,,,,,,,,,,,,,,,,,,,,,,,,,,,,,,,,,,,,,,,,,,,,,,,,
Cyprus,CYP,Fertilizer consumption (kilograms per hectare of arable land),AG.CON.FERT.ZS,,,,,,,,,,,,,,,,,,,,,,,,,,,,,,,,,,,,,,,,,,,159.65,158.232142857143,131.407079646018,108.975609756098,109.026086956522,109.836065573771,112.014563106796,181.449942462601,204.00730816078,151.202380952381,225.287221570926,199.849812265332,,,
Czech Republic,CZE,Fertilizer consumption (kilograms per hectare of arable land),AG.CON.FERT.ZS,,,,,,,,,,,,,,,,,,,,,,,,,,,,,,,,,,,,,,,,,,,81.6791576339424,91.574309649395,87.0080845771144,89.5550015581178,94.2735790131168,100.169640062598,87.2641154328733,88.5169811320755,95.8457899716178,100.576485461441,126.274944567628,127.005716100349,,,
Germany,DEU,Fertilizer consumption (kilograms per hectare of arable land),AG.CON.FERT.ZS,,,,,,,,,,,,,,,,,,,,,,,,,,,,,,,,,,,,,,,,,,,220.074039521669,219.698063752431,215.125819465456,208.757056451613,194.419012304062,221.871768965227,159.582718739524,181.414399330264,211.596825932804,191.486989473684,198.921581882711,203.469181542607,,,
Djibouti,DJI,Fertilizer consumption (kilograms per hectare of arable land),AG.CON.FERT.ZS,,,,,,,,,,,,,,,,,,,,,,,,,,,,,,,,,,,,,,,,,,,,,,,,,,,,,,,,,
Dominica,DMA,Fertilizer consumption (kilograms per hectare of arable land),AG.CON.FERT.ZS,,,,,,,,,,,,,,,,,,,,,,,,,,,,,,,,,,,,,,,,,,,86.6,148.2,198.6,207.8,134.2,276,44.6,58.1666666666667,52.1666666666667,78,73.6666666666667,116,,,
Denmark,DNK,Fertilizer consumption (kilograms per hectare of arable land),AG.CON.FERT.ZS,,,,,,,,,,,,,,,,,,,,,,,,,,,,,,,,,,,,,,,,,,,97.5584358523726,136.40026478376,144.784486557955,137.117066895369,138.581167447806,142.411968777103,147.676103247294,102.918140682847,113.71210243701,112.848739495798,112.431348221671,114.438860275793,,,
Dominican Republic,DOM,Fertilizer consumption (kilograms per hectare of arable land),AG.CON.FERT.ZS,,,,,,,,,,,,,,,,,,,,,,,,,,,,,,,,,,,,,,,,,,,73.3930957683742,52.2426829268293,59.1731707317073,58.240243902439,80.4670731707317,94.7573170731707,80.39875,80.56,107.00625,94.78375,74.74875,80.21875,,,
Algeria,DZA,Fertilizer consumption (kilograms per hectare of arable land),AG.CON.FERT.ZS,,,,,,,,,,,,,,,,,,,,,,,,,,,,,,,,,,,,,,,,,,,9.6415794355373,6.00117275477431,25.0951554784466,7.42990280921315,13.2626506024096,14.9615745079663,8.5767125116838,13.9866542105966,19.4814716075713,17.4850706478272,21.7788730518183,15.2904138096636,,,
East Asia & Pacific (excluding high income),EAP,Fertilizer consumption (kilograms per hectare of arable land),AG.CON.FERT.ZS,,,,,,,,,,,,,,,,,,,,,,,,,,,,,,,,,,,,,,,,,,,,,,,,,,,,,,,,,
Early-demographic dividend,EAR,Fertilizer consumption (kilograms per hectare of arable land),AG.CON.FERT.ZS,,,,,,,,,,,,,,,,,,,,,,,,,,,,,,,,,,,,,,,,,,,84.3749849934461,89.4121459985836,95.8497529786325,100.416446773738,105.093539163806,108.944196891845,109.523873033313,115.447912233851,122.214936339097,125.366336705259,119.83218047138,116.511283070152,,,
East Asia & Pacific,EAS,Fertilizer consumption (kilograms per hectare of arable land),AG.CON.FERT.ZS,,,,,,,,,,,,,,,,,,,,,,,,,,,,,,,,,,,,,,,,,,,201.784414574171,210.699120889319,217.283250261206,214.419010313038,222.401418264435,234.858426624494,230.255422287127,228.551576549322,239.814264124885,240.770096860638,246.307077236866,246.26772291151,,,
Europe & Central Asia (excluding high income),ECA,Fertilizer consumption (kilograms per hectare of arable land),AG.CON.FERT.ZS,,,,,,,,,,,,,,,,,,,,,,,,,,,,,,,,,,,,,,,,,,,23.9274841182187,24.192080440803,24.5864024785832,25.6611017754857,31.7151491719666,33.8389568177976,33.634562040989,37.8029549532597,37.7687620843021,41.0476338282134,41.3632252737305,41.7334646830352,,,
Europe & Central Asia,ECS,Fertilizer consumption (kilograms per hectare of arable land),AG.CON.FERT.ZS,,,,,,,,,,,,,,,,,,,,,,,,,,,,,,,,,,,,,,,,,,,71.1565383921839,73.4417735292883,72.1269101971583,70.0317641770786,72.5404478910004,77.3869497738122,67.3937384645108,65.6629272770421,72.8816599402388,73.7028670988752,75.372615322235,76.8751231593042,,,
Ecuador,ECU,Fertilizer consumption (kilograms per hectare of arable land),AG.CON.FERT.ZS,,,,,,,,,,,,,,,,,,,,,,,,,,,,,,,,,,,,,,,,,,,167.622058823529,156.822170900693,217.529365700861,150.829475308642,207.789943227899,199.106276150628,214.119741100324,187.27863931966,252.07097100472,275.355195985117,253.872288526875,229.134003350084,,,
"Egypt, Arab Rep.",EGY,Fertilizer consumption (kilograms per hectare of arable land),AG.CON.FERT.ZS,,,,,,,,,,,,,,,,,,,,,,,,,,,,,,,,,,,,,,,,,,,432.532697547684,627.750516173434,557.593929173693,672.883339836129,492.123224568138,521.78744149766,696.593111279334,502.825242718447,602.986425339367,600.473646723647,569.540473665606,636.387874360847,,,
Euro area,EMU,Fertilizer consumption (kilograms per hectare of arable land),AG.CON.FERT.ZS,,,,,,,,,,,,,,,,,,,,,,,,,,,,,,,,,,,,,,,,,,,197.150367063034,203.761262540727,196.311731430649,179.39569900338,174.524616076425,187.124600278176,144.076476131368,128.853303419859,156.052981170679,150.119964973327,154.810363172808,157.477171454202,,,
Eritrea,ERI,Fertilizer consumption (kilograms per hectare of arable land),AG.CON.FERT.ZS,,,,,,,,,,,,,,,,,,,,,,,,,,,,,,,,,,,,,,,,,,,6.23665480427046,1.62814070351759,0.00501672240802676,2.31612903225806,0.0164179104477612,3.48955223880597,,2.78260869565217,0.417391304347826,0.821739130434783,1.34347826086957,0.769565217391304,,,
Spain,ESP,Fertilizer consumption (kilograms per hectare of arable land),AG.CON.FERT.ZS,,,,,,,,,,,,,,,,,,,,,,,,,,,,,,,,,,,,,,,,,,,164.451777829421,175.270953368672,165.402610364683,142.139549291412,142.329481132075,157.722231050373,106.544602818706,96.9269424661919,130.675287356322,122.616461501328,122.580827366746,139.152665075577,,,
Estonia,EST,Fertilizer consumption (kilograms per hectare of arable land),AG.CON.FERT.ZS,,,,,,,,,,,,,,,,,,,,,,,,,,,,,,,,,,,,,,,,,,,44.0570962479609,71.6495412844037,84.5212355212355,61.0338409475465,75.8028673835125,76.0367892976589,100.329431438127,69.4597315436242,68.3891472868217,71.5632911392405,81.0048309178744,83.1376582278481,,,
Ethiopia,ETH,Fertilizer consumption (kilograms per hectare of arable land),AG.CON.FERT.ZS,,,,,,,,,,,,,,,,,,,,,,,,,,,,,,,,,,,,,,,,,,,17.0124835075612,5.7023243045388,10.3092850210288,10.9025189113312,11.1310092564945,16.0398917224676,17.2002057915625,17.66231717809,21.847099210436,20.8190506279125,23.7576567183631,19.2127124809842,,,
European Union,EUU,Fertilizer consumption (kilograms per hectare of arable land),AG.CON.FERT.ZS,,,,,,,,,,,,,,,,,,,,,,,,,,,,,,,,,,,,,,,,,,,166.621500730364,174.375550593592,168.011669699196,160.185146635756,156.830672345228,169.081747715226,138.445041537576,124.68695528628,147.059860116416,143.753186178028,147.338295362801,153.290936758432,,,
Fragile and conflict affected situations,FCS,Fertilizer consumption (kilograms per hectare of arable land),AG.CON.FERT.ZS,,,,,,,,,,,,,,,,,,,,,,,,,,,,,,,,,,,,,,,,,,,,,,,,,,,,,,,,,
Finland,FIN,Fertilizer consumption (kilograms per hectare of arable land),AG.CON.FERT.ZS,,,,,,,,,,,,,,,,,,,,,,,,,,,,,,,,,,,,,,,,,,,136.142578567865,118.386033065318,132.745530688522,134.217303822938,134.495465604955,123.502902468206,130.580762250454,107.98388168091,124.079740996984,150.966007553877,188.554532924281,168.455105435907,,,
Fiji,FJI,Fertilizer consumption (kilograms per hectare of arable land),AG.CON.FERT.ZS,,,,,,,,,,,,,,,,,,,,,,,,,,,,,,,,,,,,,,,,,,,71.4823529411765,19.2529411764706,45.2882352941176,39.1764705882353,25.1235294117647,23.9408284023669,41.1242603550296,21.8078758949881,16.3515151515152,57.4545454545455,32.8121212121212,56.7090909090909,,,
France,FRA,Fertilizer consumption (kilograms per hectare of arable land),AG.CON.FERT.ZS,,,,,,,,,,,,,,,,,,,,,,,,,,,,,,,,,,,,,,,,,,,211.299884050713,223.355397564763,212.103394960911,192.493986263647,190.393992769074,209.343913549932,152.446534236153,120.56342502821,150.51328419937,141.299381265257,136.966738844717,140.611394265174,,,
Faroe Islands,FRO,Fertilizer consumption (kilograms per hectare of arable land),AG.CON.FERT.ZS,,,,,,,,,,,,,,,,,,,,,,,,,,,,,,,,,,,,,,,,,,,,,,,,,,,,,,,,,
"Micronesia, Fed. Sts.",FSM,Fertilizer consumption (kilograms per hectare of arable land),AG.CON.FERT.ZS,,,,,,,,,,,,,,,,,,,,,,,,,,,,,,,,,,,,,,,,,,,,,,,,,,,,,,,,,
Gabon,GAB,Fertilizer consumption (kilograms per hectare of arable land),AG.CON.FERT.ZS,,,,,,,,,,,,,,,,,,,,,,,,,,,,,,,,,,,,,,,,,,,5.57846153846154,3.61230769230769,5.10769230769231,8.34461538461538,8.45846153846154,9.05846153846154,10.5169230769231,12.0215384615385,3.16,10.0030769230769,4.84,6.12,,,
United Kingdom,GBR,Fertilizer consumption (kilograms per hectare of arable land),AG.CON.FERT.ZS,,,,,,,,,,,,,,,,,,,,,,,,,,,,,,,,,,,,,,,,,,,319.05012098168,314.189786181304,287.334593572779,272.82248210857,254.18444371513,254.067378800329,208.159866777685,239.874359398248,251.926298157454,238.700098977235,235.028976175145,246.59239633543,,,
Georgia,GEO,Fertilizer consumption (kilograms per hectare of arable land),AG.CON.FERT.ZS,,,,,,,,,,,,,,,,,,,,,,,,,,,,,,,,,,,,,,,,,,,33.0413016270338,14.3690773067332,31.466814159292,53.2872340425532,47.5281385281385,41.3390928725702,37.5315904139434,43.2466666666667,33.6530120481928,63.2852882703777,81.72,94.4855875831486,,,
Ghana,GHA,Fertilizer consumption (kilograms per hectare of arable land),AG.CON.FERT.ZS,,,,,,,,,,,,,,,,,,,,,,,,,,,,,,,,,,,,,,,,,,,3.74551542693136,6.8389486260454,13.2005,5.99875,20.0597619047619,17.76,14.5495555555556,18.9795652173913,18.7002164502165,13.2305084745763,34.7576595744681,35.8240425531915,,,
Gibraltar,GIB,Fertilizer consumption (kilograms per hectare of arable land),AG.CON.FERT.ZS,,,,,,,,,,,,,,,,,,,,,,,,,,,,,,,,,,,,,,,,,,,,,,,,,,,,,,,,,
Guinea,GIN,Fertilizer consumption (kilograms per hectare of arable land),AG.CON.FERT.ZS,,,,,,,,,,,,,,,,,,,,,,,,,,,,,,,,,,,,,,,,,,,1.00418410041841,0.793939393939394,1.03019607843137,0.919737322145202,0.883636363636364,1.21357142857143,1.29754385964912,0.634035087719298,0.932758620689655,3.60413793103448,2.30333333333333,1.60516129032258,,,
"Gambia, The",GMB,Fertilizer consumption (kilograms per hectare of arable land),AG.CON.FERT.ZS,,,,,,,,,,,,,,,,,,,,,,,,,,,,,,,,,,,,,,,,,,,,9.40333333333333,8.09032258064516,9.75692307692308,10.8259385665529,8.97689768976898,4.26075268817204,6.34345794392523,7.3,10.2755555555556,6.45909090909091,0.493181818181818,,,
Guinea-Bissau,GNB,Fertilizer consumption (kilograms per hectare of arable land),AG.CON.FERT.ZS,,,,,,,,,,,,,,,,,,,,,,,,,,,,,,,,,,,,,,,,,,,,,,,,,,,,,,,,,
Equatorial Guinea,GNQ,Fertilizer consumption (kilograms per hectare of arable land),AG.CON.FERT.ZS,,,,,,,,,,,,,,,,,,,,,,,,,,,,,,,,,,,,,,,,,,,,,,,,,,,,,,,,,
Greece,GRC,Fertilizer consumption (kilograms per hectare of arable land),AG.CON.FERT.ZS,,,,,,,,,,,,,,,,,,,,,,,,,,,,,,,,,,,,,,,,,,,156.376886271623,162.090339233038,176.41764929631,143.040924592649,124.629256965944,96.9033891702376,119.047730829421,63.0961915979584,122.495909622127,159.707680250784,109.918897637795,157.363564978406,,,
Grenada,GRD,Fertilizer consumption (kilograms per hectare of arable land),AG.CON.FERT.ZS,,,,,,,,,,,,,,,,,,,,,,,,,,,,,,,,,,,,,,,,,,,,,,,,,,,,,,,,,
Greenland,GRL,Fertilizer consumption (kilograms per hectare of arable land),AG.CON.FERT.ZS,,,,,,,,,,,,,,,,,,,,,,,,,,,,,,,,,,,,,,,,,,,,,,,,,,,,,,,,,
Guatemala,GTM,Fertilizer consumption (kilograms per hectare of arable land),AG.CON.FERT.ZS,,,,,,,,,,,,,,,,,,,,,,,,,,,,,,,,,,,,,,,,,,,99.7901754385965,91.671826625387,124.94625,141.690714285714,136.043824701195,123.77347715736,92.0052830188679,127.068557919622,189.149555213698,223.194181792475,250.164923722778,255.490176523387,,,
Guam,GUM,Fertilizer consumption (kilograms per hectare of arable land),AG.CON.FERT.ZS,,,,,,,,,,,,,,,,,,,,,,,,,,,,,,,,,,,,,,,,,,,,,,,,,,,,,,,,,
Guyana,GUY,Fertilizer consumption (kilograms per hectare of arable land),AG.CON.FERT.ZS,,,,,,,,,,,,,,,,,,,,,,,,,,,,,,,,,,,,,,,,,,,33.1111111111111,23.0555555555556,44.8333333333333,22.097619047619,32.5809523809524,32.6547619047619,56.7976190476191,20.2547619047619,39.3190476190476,27.8428571428571,25.4761904761905,44.5642857142857,,,
High income,HIC,Fertilizer consumption (kilograms per hectare of arable land),AG.CON.FERT.ZS,,,,,,,,,,,,,,,,,,,,,,,,,,,,,,,,,,,,,,,,,,,123.596909483834,129.881895219875,130.478824213603,127.100166538559,127.005161825943,133.459432248578,116.345274018281,106.957648971312,120.607965839319,125.460335053761,128.589220210905,133.741587454881,,,
"Hong Kong SAR, China",HKG,Fertilizer consumption (kilograms per hectare of arable land),AG.CON.FERT.ZS,,,,,,,,,,,,,,,,,,,,,,,,,,,,,,,,,,,,,,,,,,,728.4,359.8,390.8,365.8,390,421,99,38,616.285714285714,790.571428571429,1297.09677419355,840.967741935484,,,
Honduras,HND,Fertilizer consumption (kilograms per hectare of arable land),AG.CON.FERT.ZS,,,,,,,,,,,,,,,,,,,,,,,,,,,,,,,,,,,,,,,,,,,31.9569288389513,54.8970037453184,134.966666666667,160.851428571429,188.835238095238,177.995238095238,107.730844793713,62.3186274509804,64.7245098039216,104.070588235294,83.143137254902,88.3401960784314,,,
Heavily indebted poor countries (HIPC),HPC,Fertilizer consumption (kilograms per hectare of arable land),AG.CON.FERT.ZS,,,,,,,,,,,,,,,,,,,,,,,,,,,,,,,,,,,,,,,,,,,7.74481662986698,6.48442185062757,10.1115551059782,8.16167376538458,9.10251294892413,10.0174943857517,9.13741875096106,8.77355331619422,11.2059933644932,11.6141551782435,12.6929134492371,12.8799000864893,,,
Croatia,HRV,Fertilizer consumption (kilograms per hectare of arable land),AG.CON.FERT.ZS,,,,,,,,,,,,,,,,,,,,,,,,,,,,,,,,,,,,,,,,,,,256.988344988345,292.802083333333,312.584415584416,294.508591065292,380.787741203178,410.06338028169,495.228302544441,164.679258320857,297.309818664308,310.994758559161,290.082744924978,234.853947968964,,,
Haiti,HTI,Fertilizer consumption (kilograms per hectare of arable land),AG.CON.FERT.ZS,,,,,,,,,,,,,,,,,,,,,,,,,,,,,,,,,,,,,,,,,,,,,,,,,,,,,,,,,
Hungary,HUN,Fertilizer consumption (kilograms per hectare of arable land),AG.CON.FERT.ZS,,,,,,,,,,,,,,,,,,,,,,,,,,,,,,,,,,,,,,,,,,,94.8762483716891,95.4970633021536,98.5210961287516,85.1988698109107,99.1951272569067,110.409407665505,96.7007633587786,77.4822246455834,84.3342440801457,93.2882821387941,97.1337275415056,109.396774926187,,,
IBRD only,IBD,Fertilizer consumption (kilograms per hectare of arable land),AG.CON.FERT.ZS,,,,,,,,,,,,,,,,,,,,,,,,,,,,,,,,,,,,,,,,,,,105.390540667766,112.42939191626,117.128548791229,117.741420319177,122.897649733701,131.096227772129,130.73774205458,130.620621918646,140.684280276588,146.15125151646,143.706072044445,140.755109820969,,,
IDA & IBRD total,IBT,Fertilizer consumption (kilograms per hectare of arable land),AG.CON.FERT.ZS,,,,,,,,,,,,,,,,,,,,,,,,,,,,,,,,,,,,,,,,,,,89.9681660227465,94.4125463079585,98.5429520016147,98.2171884774533,102.597598217098,108.434842125986,107.576865637929,108.989395345,116.210421661427,120.395319992278,117.697605577586,117.049092207705,,,
IDA total,IDA,Fertilizer consumption (kilograms per hectare of arable land),AG.CON.FERT.ZS,,,,,,,,,,,,,,,,,,,,,,,,,,,,,,,,,,,,,,,,,,,,36.3763037395065,39.7837867399175,37.4187026443029,41.1053066146645,40.7032069547062,39.0911295672722,44.4381799561178,44.2850021923741,45.111480216714,43.9341198644422,47.8983490093494,,,
IDA blend,IDB,Fertilizer consumption (kilograms per hectare of arable land),AG.CON.FERT.ZS,,,,,,,,,,,,,,,,,,,,,,,,,,,,,,,,,,,,,,,,,,,64.997333031981,68.9309671516558,73.9153968920622,69.7809408127208,76.4516300219556,75.010551687645,73.3799574548748,92.3802855786114,86.1524567339851,80.5636006283439,76.4858068759996,90.6124991927706,,,
Indonesia,IDN,Fertilizer consumption (kilograms per hectare of arable land),AG.CON.FERT.ZS,,,,,,,,,,,,,,,,,,,,,,,,,,,,,,,,,,,,,,,,,,,123.959065783577,131.132152102116,131.209397551285,143.986402858886,158.016093023256,181.457227272727,184.52845814978,181.639661016949,181.516652542373,198.418595744681,205.444212765957,204.589914893617,,,
IDA only,IDX,Fertilizer consumption (kilograms per hectare of arable land),AG.CON.FERT.ZS,,,,,,,,,,,,,,,,,,,,,,,,,,,,,,,,,,,,,,,,,,,,16.4244508876063,20.0297872847951,18.7447584105965,19.5800438947375,20.2480691811892,19.3251782153863,18.4728633436998,21.578037091233,25.5192590831516,26.4275795906255,24.5170853939382,,,
Isle of Man,IMN,Fertilizer consumption (kilograms per hectare of arable land),AG.CON.FERT.ZS,,,,,,,,,,,,,,,,,,,,,,,,,,,,,,,,,,,,,,,,,,,,,,,,,,,,,,,,,
India,IND,Fertilizer consumption (kilograms per hectare of arable land),AG.CON.FERT.ZS,,,,,,,,,,,,,,,,,,,,,,,,,,,,,,,,,,,,,,,,,,,100.329055300688,105.177203862352,115.271510073208,127.614591957051,136.403921543911,142.835225474934,153.349390803506,167.457295914491,179.035876924253,180.748291172705,164.782926424182,157.521853503185,,,
Not classified,INX,Fertilizer consumption (kilograms per hectare of arable land),AG.CON.FERT.ZS,,,,,,,,,,,,,,,,,,,,,,,,,,,,,,,,,,,,,,,,,,,,,,,,,,,,,,,,,
Ireland,IRL,Fertilizer consumption (kilograms per hectare of arable land),AG.CON.FERT.ZS,,,,,,,,,,,,,,,,,,,,,,,,,,,,,,,,,,,,,,,,,,,597.017841971113,533.773265651438,466.43153526971,458.037162162162,431.876843018213,427.521698113208,378.108991825613,477.373737373737,462.441147378833,430.480225988701,469.732478632479,502.11320754717,,,
"Iran, Islamic Rep.",IRN,Fertilizer consumption (kilograms per hectare of arable land),AG.CON.FERT.ZS,,,,,,,,,,,,,,,,,,,,,,,,,,,,,,,,,,,,,,,,,,,78.7394722066255,80.2913502500463,103.751726245035,95.0479646767072,113.961439434764,90.0386507795364,99.8465101318752,76.7442086821102,58.2495745516429,31.2601030110935,30.7623076410632,32.7525877134023,,,
Iraq,IRQ,Fertilizer consumption (kilograms per hectare of arable land),AG.CON.FERT.ZS,,,,,,,,,,,,,,,,,,,,,,,,,,,,,,,,,,,,,,,,,,,,,24.3626666666667,41.6128846153846,46.2541666666667,37.5676767676768,56.94,72.4898630136986,34.29,39.0976744186047,44.6836464215743,43572,,,
Iceland,ISL,Fertilizer consumption (kilograms per hectare of arable land),AG.CON.FERT.ZS,,,,,,,,,,,,,,,,,,,,,,,,,,,,,,,,,,,,,,,,,,,145.751937984496,122.883720930233,137.922480620155,133.558139534884,167.821705426357,194168,199.88,123.846774193548,148.69918699187,159.165302782324,176.485148514851,168.803630363036,,,
Israel,ISR,Fertilizer consumption (kilograms per hectare of arable land),AG.CON.FERT.ZS,,,,,,,,,,,,,,,,,,,,,,,,,,,,,,,,,,,,,,,,,,,251.862464183381,282.934131736527,320.900321543408,292.604501607717,304.950495049505,344.996729888816,280.613947280614,200.460072297075,206.403269754768,229.962800135272,257.123473541384,268.719384184745,,,
Italy,ITA,Fertilizer consumption (kilograms per hectare of arable land),AG.CON.FERT.ZS,,,,,,,,,,,,,,,,,,,,,,,,,,,,,,,,,,,,,,,,,,,171.121877639677,177.702475185325,181.418097505953,171.753084832905,177.031588937093,190.229953981314,143.47626033609,120.111588597622,122.745952854303,134.322470238095,150.815959539196,129.046433279625,,,
Jamaica,JAM,Fertilizer consumption (kilograms per hectare of arable land),AG.CON.FERT.ZS,,,,,,,,,,,,,,,,,,,,,,,,,,,,,,,,,,,,,,,,,,,94.6740740740741,112.192592592593,123.947368421053,115.84375,63.515625,36216,37.6416666666667,58.1916666666667,62625,71175,87375,68.4583333333333,,,
Jordan,JOR,Fertilizer consumption (kilograms per hectare of arable land),AG.CON.FERT.ZS,,,,,,,,,,,,,,,,,,,,,,,,,,,,,,,,,,,,,,,,,,,1590.45641025641,916.141242937853,476.531100478469,784.016216216216,693.473684210526,1007.78332145403,337.444816053512,394.860557768924,187.719594594595,1227.59111617312,1245.35944700461,681.861471861472,,,
Japan,JPN,Fertilizer consumption (kilograms per hectare of arable land),AG.CON.FERT.ZS,,,,,,,,,,,,,,,,,,,,,,,,,,,,,,,,,,,,,,,,,,,333.544467073999,335.170798271549,353.683717743777,347.969266055046,332.82753856781,350.474803513638,278.228644382544,238.92803912436,259.834423166745,268.309120827457,259.145784267546,256.663913146094,,,
Kazakhstan,KAZ,Fertilizer consumption (kilograms per hectare of arable land),AG.CON.FERT.ZS,,,,,,,,,,,,,,,,,,,,,,,,,,,,,,,,,,,,,,,,,,,0.83609975340349,1.19039218730154,1.47829262468924,1.42845639181719,1.44674308079396,2.05647808052735,1.08345780825953,1.97077384321865,2.04603295239822,2.99555183923566,4.42025057530044,2.88858195525044,,,
Kenya,KEN,Fertilizer consumption (kilograms per hectare of arable land),AG.CON.FERT.ZS,,,,,,,,,,,,,,,,,,,,,,,,,,,,,,,,,,,,,,,,,,,27.313101551758,33.0967741935484,27.6808672499049,34.3265577507599,33.154802259887,36.3952830188679,33.2875471698113,31.8570909090909,30.3470909090909,43.5820689655172,42.0603389830508,52.5408620689655,,,
Kyrgyz Republic,KGZ,Fertilizer consumption (kilograms per hectare of arable land),AG.CON.FERT.ZS,,,,,,,,,,,,,,,,,,,,,,,,,,,,,,,,,,,,,,,,,,,7.05055762081784,24.7105654761905,21.6821589205397,24.6285046728972,22.1967749474176,22.4546875,18.9738178976163,22.0681818181818,22.6594577652406,19.168430127753,24.3161522794924,27.4882445141066,,,
Cambodia,KHM,Fertilizer consumption (kilograms per hectare of arable land),AG.CON.FERT.ZS,,,,,,,,,,,,,,,,,,,,,,,,,,,,,,,,,,,,,,,,,,,5.82567567567568,3.85783783783784,5.36594594594595,8.10513513513514,7.79210526315789,8.75368421052632,7.24948717948718,9.57794871794872,11512,15.47,16.5965853658537,14.215681544029,,,
Kiribati,KIR,Fertilizer consumption (kilograms per hectare of arable land),AG.CON.FERT.ZS,,,,,,,,,,,,,,,,,,,,,,,,,,,,,,,,,,,,,,,,,,,,,,,,,,,,,,,,,
St. Kitts and Nevis,KNA,Fertilizer consumption (kilograms per hectare of arable land),AG.CON.FERT.ZS,,,,,,,,,,,,,,,,,,,,,,,,,,,,,,,,,,,,,,,,,,,,84.1428571428571,7.85714285714286,13.8539042821159,22.6130653266332,12.531328320802,20.5,12.75,11.3333333333333,10.4,10.4,8.8,,,
"Korea, Rep.",KOR,Fertilizer consumption (kilograms per hectare of arable land),AG.CON.FERT.ZS,,,,,,,,,,,,,,,,,,,,,,,,,,,,,,,,,,,,,,,,,,,412.127240143369,468.790235081374,525.422867513612,643.357881923311,469.849907350216,511.036944270507,441.052396166134,331.955729166667,336.053749170538,334.909274193548,481.011693601366,361.264874983287,,,
Kosovo,KSV,Fertilizer consumption (kilograms per hectare of arable land),AG.CON.FERT.ZS,,,,,,,,,,,,,,,,,,,,,,,,,,,,,,,,,,,,,,,,,,,,,,,,,,,,,,,,,
Kuwait,KWT,Fertilizer consumption (kilograms per hectare of arable land),AG.CON.FERT.ZS,,,,,,,,,,,,,,,,,,,,,,,,,,,,,,,,,,,,,,,,,,,1763.33333333333,0,0,4349.09090909091,2090.90909090909,0,1261.94690265487,57.1428571428571,884,971.809523809524,781.1,1097.83018867925,,,
Latin America & Caribbean (excluding high income),LAC,Fertilizer consumption (kilograms per hectare of arable land),AG.CON.FERT.ZS,,,,,,,,,,,,,,,,,,,,,,,,,,,,,,,,,,,,,,,,,,,87.0662541524687,104.930086194162,107.992483002014,93.4118849590651,95.6721228790012,116.57630181066,98.3923871048901,84.6447070776891,110.302925838644,125.890399712861,123.477527545956,121.838335741849,,,
Lao PDR,LAO,Fertilizer consumption (kilograms per hectare of arable land),AG.CON.FERT.ZS,,,,,,,,,,,,,,,,,,,,,,,,,,,,,,,,,,,,,,,,,,,,,,,,,,,,,,,,,
Lebanon,LBN,Fertilizer consumption (kilograms per hectare of arable land),AG.CON.FERT.ZS,,,,,,,,,,,,,,,,,,,,,,,,,,,,,,,,,,,,,,,,,,,358,132375,142.318415260455,313.761467889908,297.867647058824,320.104321907601,219.593495934959,234.292682926829,296.736842105263,409096,443.636363636364,456.469696969697,,,
Liberia,LBR,Fertilizer consumption (kilograms per hectare of arable land),AG.CON.FERT.ZS,,,,,,,,,,,,,,,,,,,,,,,,,,,,,,,,,,,,,,,,,,,,,,,,,,,,,,,,,
Libya,LBY,Fertilizer consumption (kilograms per hectare of arable land),AG.CON.FERT.ZS,,,,,,,,,,,,,,,,,,,,,,,,,,,,,,,,,,,,,,,,,,,66.2920110192837,33.0699724517906,51.6565714285714,67128,42.3085714285714,60.96,27.2685714285714,33.6685714285714,18.6596736596737,38.6072261072261,33.0953488372093,4.27906976744186,,,
St. Lucia,LCA,Fertilizer consumption (kilograms per hectare of arable land),AG.CON.FERT.ZS,,,,,,,,,,,,,,,,,,,,,,,,,,,,,,,,,,,,,,,,,,,,,,,,,7.2,88,119.333333333333,84,223,171,,,
Latin America & Caribbean,LCN,Fertilizer consumption (kilograms per hectare of arable land),AG.CON.FERT.ZS,,,,,,,,,,,,,,,,,,,,,,,,,,,,,,,,,,,,,,,,,,,89.498092175478,107.262180646334,111.938232571481,97.0020283672343,99.5064446324191,120.079246755611,103.395608577082,89.107624858456,112.874523595534,129.352202005222,126.747200545849,125.894073599408,,,
Least developed countries: UN classification,LDC,Fertilizer consumption (kilograms per hectare of arable land),AG.CON.FERT.ZS,,,,,,,,,,,,,,,,,,,,,,,,,,,,,,,,,,,,,,,,,,,,,,,,,,,,,,,,,
Low income,LIC,Fertilizer consumption (kilograms per hectare of arable land),AG.CON.FERT.ZS,,,,,,,,,,,,,,,,,,,,,,,,,,,,,,,,,,,,,,,,,,,,5.80379297522058,8.55521662488183,6.93021435617616,7.67008758445933,8.40569389537593,8.03481629254038,7.90104776808779,10.3042064276799,10.438059912773,11.497624074426,11.5101222264923,,,
Liechtenstein,LIE,Fertilizer consumption (kilograms per hectare of arable land),AG.CON.FERT.ZS,,,,,,,,,,,,,,,,,,,,,,,,,,,,,,,,,,,,,,,,,,,,,,,,,,,,,,,,,
Sri Lanka,LKA,Fertilizer consumption (kilograms per hectare of arable land),AG.CON.FERT.ZS,,,,,,,,,,,,,,,,,,,,,,,,,,,,,,,,,,,,,,,,,,,304.563034188034,259.184210526316,287.01,255.291818181818,291.315238095238,288525,311.711666666667,281.376363636364,229.0475,256.123076923077,198.3696,160.038461538462,,,
Lower middle income,LMC,Fertilizer consumption (kilograms per hectare of arable land),AG.CON.FERT.ZS,,,,,,,,,,,,,,,,,,,,,,,,,,,,,,,,,,,,,,,,,,,78.2123747565617,82.797671074665,88.7146131856558,94.2406982215354,98.3659210023097,102.753623740452,107.575685356649,116.12732621846,121.566520879899,124.55283514037,115.78009075104,116.353436503164,,,
Low & middle income,LMY,Fertilizer consumption (kilograms per hectare of arable land),AG.CON.FERT.ZS,,,,,,,,,,,,,,,,,,,,,,,,,,,,,,,,,,,,,,,,,,,88.9114773987873,93.1156982890589,97.0492715462094,96.4565580774334,100.825192743936,106.503049299057,105.669659857394,107.554872278354,114.684419101475,118.854317623838,116.157692026256,115.168753991546,,,
Lesotho,LSO,Fertilizer consumption (kilograms per hectare of arable land),AG.CON.FERT.ZS,,,,,,,,,,,,,,,,,,,,,,,,,,,,,,,,,,,,,,,,,,,,,,,,,,,,,,,,,
Late-demographic dividend,LTE,Fertilizer consumption (kilograms per hectare of arable land),AG.CON.FERT.ZS,,,,,,,,,,,,,,,,,,,,,,,,,,,,,,,,,,,,,,,,,,,129.332399425607,137.587744577432,142.84916915537,137.887054510956,142.313759578889,153.996401619346,149.708518015324,147.163258271493,158.448348041813,165.450950647097,168.253286290824,166.579203736282,,,
Lithuania,LTU,Fertilizer consumption (kilograms per hectare of arable land),AG.CON.FERT.ZS,,,,,,,,,,,,,,,,,,,,,,,,,,,,,,,,,,,,,,,,,,,110.154972544234,147.384262295082,173.760207869339,97.5641227380016,102.167873110496,90.0653737197647,86.6811710985764,44.2557335540731,103.534831249412,77.6327949855881,98.6175624861756,84.4523029906134,,,
Luxembourg,LUX,Fertilizer consumption (kilograms per hectare of arable land),AG.CON.FERT.ZS,,,,,,,,,,,,,,,,,,,,,,,,,,,,,,,,,,,,,,,,,,,581.145161290323,267.467741935484,333.612903225806,313.15,293.633333333333,276.409836065574,250.516129032258,244.584749878582,258.19209039548,270.605280103026,258.519820971867,172.938350680544,,,
Latvia,LVA,Fertilizer consumption (kilograms per hectare of arable land),AG.CON.FERT.ZS,,,,,,,,,,,,,,,,,,,,,,,,,,,,,,,,,,,,,,,,,,,50.5950668036999,49.4942528735632,64.1288404360753,68.040293040293,62.655601659751,67.7247474747475,66.9470085470086,64.8835616438356,77.6479113384484,83.2322970639033,90.1103565365026,99.5115894039735,,,
"Macao SAR, China",MAC,Fertilizer consumption (kilograms per hectare of arable land),AG.CON.FERT.ZS,,,,,,,,,,,,,,,,,,,,,,,,,,,,,,,,,,,,,,,,,,,,,,,,,,,,,,,,,
St. Martin (French part),MAF,Fertilizer consumption (kilograms per hectare of arable land),AG.CON.FERT.ZS,,,,,,,,,,,,,,,,,,,,,,,,,,,,,,,,,,,,,,,,,,,,,,,,,,,,,,,,,
Morocco,MAR,Fertilizer consumption (kilograms per hectare of arable land),AG.CON.FERT.ZS,,,,,,,,,,,,,,,,,,,,,,,,,,,,,,,,,,,,,,,,,,,65.5542727921923,55.3112092766427,48.9576126674787,63.7872445210539,60.1686507936508,58.8295102293862,53.8266269249876,41.0653515100254,57.1710245429728,54.7002742253774,51.4005219336399,52.4096954630205,,,
Monaco,MCO,Fertilizer consumption (kilograms per hectare of arable land),AG.CON.FERT.ZS,,,,,,,,,,,,,,,,,,,,,,,,,,,,,,,,,,,,,,,,,,,,,,,,,,,,,,,,,
Moldova,MDA,Fertilizer consumption (kilograms per hectare of arable land),AG.CON.FERT.ZS,,,,,,,,,,,,,,,,,,,,,,,,,,,,,,,,,,,,,,,,,,,8.13890396093326,7.53387533875339,8.31521739130435,9.00163666121113,8.46043956043956,11.0225027442371,12.4530477759473,9.36433681893231,11.0595697738555,13.0474875759249,19.1289966923925,24.6696035242291,,,
Madagascar,MDG,Fertilizer consumption (kilograms per hectare of arable land),AG.CON.FERT.ZS,,,,,,,,,,,,,,,,,,,,,,,,,,,,,,,,,,,,,,,,,,,2.09423728813559,2.14813559322034,2.20305084745763,5.45066666666667,2.46633333333333,3.19166666666667,4.1428125,2.26657142857143,2.41628571428571,3.15942857142857,2.47571428571429,3.87342857142857,,,
Maldives,MDV,Fertilizer consumption (kilograms per hectare of arable land),AG.CON.FERT.ZS,,,,,,,,,,,,,,,,,,,,,,,,,,,,,,,,,,,,,,,,,,,6,8,10.3333333333333,29.6666666666667,117.666666666667,87.3333333333333,16.75,66.5,63.3333333333333,102.820512820513,122.307692307692,201.538461538462,,,
Middle East & North Africa,MEA,Fertilizer consumption (kilograms per hectare of arable land),AG.CON.FERT.ZS,,,,,,,,,,,,,,,,,,,,,,,,,,,,,,,,,,,,,,,,,,,88.5781761730683,98.2866689231853,97.1755263844342,100.727400845581,97.1667734648867,92.4707872078721,99.0660180909628,82.5239476510207,81.6782697140284,84.1832670322444,95.4793182882019,87.8808740194879,,,
Mexico,MEX,Fertilizer consumption (kilograms per hectare of arable land),AG.CON.FERT.ZS,,,,,,,,,,,,,,,,,,,,,,,,,,,,,,,,,,,,,,,,,,,65.260395100069,66.7555809233891,73.212113379857,79.1893887362637,69.0328296879682,75.0408180619924,52.1567698948162,51.9248576691226,75.0576424043902,72.878617748183,78.3805183585313,78.7653971708379,,,
Marshall Islands,MHL,Fertilizer consumption (kilograms per hectare of arable land),AG.CON.FERT.ZS,,,,,,,,,,,,,,,,,,,,,,,,,,,,,,,,,,,,,,,,,,,2,2,0.5,0.5,,,,,,,,,,,
Middle income,MIC,Fertilizer consumption (kilograms per hectare of arable land),AG.CON.FERT.ZS,,,,,,,,,,,,,,,,,,,,,,,,,,,,,,,,,,,,,,,,,,,96.0649937536743,101.780317813332,106.470159581424,106.188441477531,110.931666302713,117.399023418098,116.932288708316,119.319203507279,127.203632187964,132.073769592495,129.107732359967,127.914613333096,,,
"Macedonia, FYR",MKD,Fertilizer consumption (kilograms per hectare of arable land),AG.CON.FERT.ZS,,,,,,,,,,,,,,,,,,,,,,,,,,,,,,,,,,,,,,,,,,,30.8597194388778,32.8046709129512,53.4815618221258,62.0223214285714,57.4669703872437,67.122969837587,56.1580188679245,56.6976190476191,67.1111111111111,63.6183574879227,57.3212560386473,69.2082324455206,,,
Mali,MLI,Fertilizer consumption (kilograms per hectare of arable land),AG.CON.FERT.ZS,,,,,,,,,,,,,,,,,,,,,,,,,,,,,,,,,,,,,,,,,,,,,52.0415833666533,15.6924861681242,17.50132112031,31.0502754820937,22.4816872070821,6.08897912203856,19.6003833253474,22.00728756741,26.0448914152456,27.8755264389331,,,
Malta,MLT,Fertilizer consumption (kilograms per hectare of arable land),AG.CON.FERT.ZS,,,,,,,,,,,,,,,,,,,,,,,,,,,,,,,,,,,,,,,,,,,103.222222222222,94.1935483870968,130,105.609756097561,148,110.75,74,54.25,63.7665198237885,71.6960352422907,237,397.101449275362,,,
Myanmar,MMR,Fertilizer consumption (kilograms per hectare of arable land),AG.CON.FERT.ZS,,,,,,,,,,,,,,,,,,,,,,,,,,,,,,,,,,,,,,,,,,,4.29010342729669,10.309004162014,19.9116222760291,6.52112536037379,9.01625386996904,15.7729034697929,7.60968767533196,6.23642764498796,6.6372213486264,15.2162061932134,15.8186215235792,16.8337356108429,,,
Middle East & North Africa (excluding high income),MNA,Fertilizer consumption (kilograms per hectare of arable land),AG.CON.FERT.ZS,,,,,,,,,,,,,,,,,,,,,,,,,,,,,,,,,,,,,,,,,,,87.8842100669823,94.0358871809664,93.6068972481897,98.0372679628464,93.8122439285078,86.7582397022186,98.3368054482325,81.8485885478821,77.6207333749733,74.8279307742701,72.8819066248005,70.4556233062331,,,
Montenegro,MNE,Fertilizer consumption (kilograms per hectare of arable land),AG.CON.FERT.ZS,,,,,,,,,,,,,,,,,,,,,,,,,,,,,,,,,,,,,,,,,,,,,,,18.7011494252874,15.632183908046,14.7919075144509,11.3294797687861,14.3546511627907,12.5491329479769,12.4127906976744,324.74358974359,,,
Mongolia,MNG,Fertilizer consumption (kilograms per hectare of arable land),AG.CON.FERT.ZS,,,,,,,,,,,,,,,,,,,,,,,,,,,,,,,,,,,,,,,,,,,5.88359788359788,5.70596590909091,8.34232954545455,5.26187050359712,9.35919540229885,8.56045519203414,8.32254196642686,12.1704180064309,18.0456026058632,22.8559738134206,25.1421947449768,43.6370056497175,,,
Northern Mariana Islands,MNP,Fertilizer consumption (kilograms per hectare of arable land),AG.CON.FERT.ZS,,,,,,,,,,,,,,,,,,,,,,,,,,,,,,,,,,,,,,,,,,,,,,,,,,,,,,,,,
Mozambique,MOZ,Fertilizer consumption (kilograms per hectare of arable land),AG.CON.FERT.ZS,,,,,,,,,,,,,,,,,,,,,,,,,,,,,,,,,,,,,,,,,,,5.97752808988764,0.736222222222222,2.25978260869565,1.4274,4.6430612244898,2.66076923076923,11.4172222222222,4.03345454545455,8.19946902654867,7.35592920353982,5.9941592920354,9.32336283185841,,,
Mauritania,MRT,Fertilizer consumption (kilograms per hectare of arable land),AG.CON.FERT.ZS,,,,,,,,,,,,,,,,,,,,,,,,,,,,,,,,,,,,,,,,,,,,,,,,,,,,,,,,,
Mauritius,MUS,Fertilizer consumption (kilograms per hectare of arable land),AG.CON.FERT.ZS,,,,,,,,,,,,,,,,,,,,,,,,,,,,,,,,,,,,,,,,,,,318.370786516854,299.454545454545,307.689655172414,352.152941176471,257.867469879518,282.222222222222,228775,227.9625,163.2,243.230769230769,224.184210526316,192.013333333333,,,
Malawi,MWI,Fertilizer consumption (kilograms per hectare of arable land),AG.CON.FERT.ZS,,,,,,,,,,,,,,,,,,,,,,,,,,,,,,,,,,,,,,,,,,,29.7136842105263,31.0773333333333,34406,30.491875,36.8245454545455,41.7186666666667,34.8704347826087,30.8457142857143,35.3764864864865,29.5227777777778,39.9117333333333,43235,,,
Malaysia,MYS,Fertilizer consumption (kilograms per hectare of arable land),AG.CON.FERT.ZS,,,,,,,,,,,,,,,,,,,,,,,,,,,,,,,,,,,,,,,,,,,1177.01876152261,1304.13203202106,1627.80936819172,1457.35693400167,1662.09884536527,1836.52057723143,2026.90085785644,1527.60237068966,2002.72073039742,1869.87945492662,1637.34315789474,1726.62054507338,,,
North America,NAC,Fertilizer consumption (kilograms per hectare of arable land),AG.CON.FERT.ZS,,,,,,,,,,,,,,,,,,,,,,,,,,,,,,,,,,,,,,,,,,,101.041581505512,106.839135018669,108.126913754559,106.383190497241,108.813801578471,111.44415505197,102.019555813509,98.4403927513558,106.684911741333,116.300606307219,115.524575607208,121.770212184959,,,
Namibia,NAM,Fertilizer consumption (kilograms per hectare of arable land),AG.CON.FERT.ZS,,,,,,,,,,,,,,,,,,,,,,,,,,,,,,,,,,,,,,,,,,,3.9031862745098,1.41104294478528,3.20490797546012,1.91154791154791,2.84624846248462,2465,0.28625,1.59,4.43375,6605,6.1125,3.76875,,,
New Caledonia,NCL,Fertilizer consumption (kilograms per hectare of arable land),AG.CON.FERT.ZS,,,,,,,,,,,,,,,,,,,,,,,,,,,,,,,,,,,,,,,,,,,260.588235294118,536.470588235294,231.323529411765,282.5,240,267.647058823529,199.411764705882,99.4117647058823,150,171.692307692308,208.833333333333,234.838709677419,,,
Niger,NER,Fertilizer consumption (kilograms per hectare of arable land),AG.CON.FERT.ZS,,,,,,,,,,,,,,,,,,,,,,,,,,,,,,,,,,,,,,,,,,,0.611819484240688,0.293665480427046,0.239985820630982,0.387665510160731,0.527622550753342,0.354907872696817,0.153418230563003,0.353489932885906,0.496026490066225,0.485641025641026,1.32503144654088,0.667672955974843,,,
Nigeria,NGA,Fertilizer consumption (kilograms per hectare of arable land),AG.CON.FERT.ZS,,,,,,,,,,,,,,,,,,,,,,,,,,,,,,,,,,,,,,,,,,,4.52888235294118,6141,4.54511428571429,7.19733333333333,10.0388858695652,4.20505405405405,5.87683333333333,5.26103125,12.2136666666667,6.56129411764706,11.3833428571429,17.8008235294118,,,
Nicaragua,NIC,Fertilizer consumption (kilograms per hectare of arable land),AG.CON.FERT.ZS,,,,,,,,,,,,,,,,,,,,,,,,,,,,,,,,,,,,,,,,,,,28.4085,31.8956097560976,32.9753846153846,28.1135,32.6274193548387,31.47,27.1082352941176,34.6915151515152,34.736120182887,51.5728542914172,50.2049608355091,34.3909574468085,,,
Netherlands,NLD,Fertilizer consumption (kilograms per hectare of arable land),AG.CON.FERT.ZS,,,,,,,,,,,,,,,,,,,,,,,,,,,,,,,,,,,,,,,,,,,428.823144104803,438.291390728477,357.313525498891,337.806480648065,353.146382501402,302.13908284582,267.708606787924,238.171043898739,293.325836104049,246.811133200795,345.989119683482,231.127696456086,,,
Norway,NOR,Fertilizer consumption (kilograms per hectare of arable land),AG.CON.FERT.ZS,,,,,,,,,,,,,,,,,,,,,,,,,,,,,,,,,,,,,,,,,,,205.579726651481,213.507462686567,215.230149597238,218.865429234339,216.418414918415,220.417546328876,213.556975505857,179.099401197605,169.983044689355,192.627139364303,187.316171942357,190.417720891006,,,
Nepal,NPL,Fertilizer consumption (kilograms per hectare of arable land),AG.CON.FERT.ZS,,,,,,,,,,,,,,,,,,,,,,,,,,,,,,,,,,,,,,,,,,,16.6809421841542,5.05874730021598,8.02521739130435,3.56885964912281,5.64203539823009,1.60892857142857,1.36486486486486,18.2027272727273,25.0866972477064,34.8837101770934,44.0698772426818,57.7284768211921,,,
Nauru,NRU,Fertilizer consumption (kilograms per hectare of arable land),AG.CON.FERT.ZS,,,,,,,,,,,,,,,,,,,,,,,,,,,,,,,,,,,,,,,,,,,,,,,,,,,,,,,,,
New Zealand,NZL,Fertilizer consumption (kilograms per hectare of arable land),AG.CON.FERT.ZS,,,,,,,,,,,,,,,,,,,,,,,,,,,,,,,,,,,,,,,,,,,1836.39075630252,2279.08192771084,1760.64761904762,2718.68705882353,2494.97744360902,2304.60788863109,1726.60927152318,1271.8195329087,1270.63527054108,1780.6093418259,1692.76620825147,1578.85191956124,,,
OECD members,OED,Fertilizer consumption (kilograms per hectare of arable land),AG.CON.FERT.ZS,,,,,,,,,,,,,,,,,,,,,,,,,,,,,,,,,,,,,,,,,,,116.808092660333,122.422771472875,123.177451413561,120.928871532418,120.11055198316,126.114003742879,108.759384844248,103.095583563728,115.132084193408,119.506014422563,120.953651062146,126.75005087956,,,
Oman,OMN,Fertilizer consumption (kilograms per hectare of arable land),AG.CON.FERT.ZS,,,,,,,,,,,,,,,,,,,,,,,,,,,,,,,,,,,,,,,,,,,382.935483870968,391.903225806452,472.413793103448,1365.82142857143,1063.61538461538,363.75,724.1,632.432432432432,113.877551020408,653.60433604336,969.762611275964,887.745358090186,,,
Other small states,OSS,Fertilizer consumption (kilograms per hectare of arable land),AG.CON.FERT.ZS,,,,,,,,,,,,,,,,,,,,,,,,,,,,,,,,,,,,,,,,,,,,,,,,,,52.003032818495,70.3245372014163,86.6341601028413,97.6907932604259,82.7342764899056,,,
Pakistan,PAK,Fertilizer consumption (kilograms per hectare of arable land),AG.CON.FERT.ZS,,,,,,,,,,,,,,,,,,,,,,,,,,,,,,,,,,,,,,,,,,,97.4708520179372,100.970182750882,110.778950841307,123.483460391117,125.730244063325,118.423492379059,119.154650373388,144.327430319511,138.30472949983,128.529634551495,116.922883597884,135.252018378733,,,
Panama,PAN,Fertilizer consumption (kilograms per hectare of arable land),AG.CON.FERT.ZS,,,,,,,,,,,,,,,,,,,,,,,,,,,,,,,,,,,,,,,,,,,40.4032846715328,51.1569343065693,42.1605839416058,34.4197080291971,38.3962962962963,34.0888888888889,35.8092592592593,47.5462962962963,63.7592504702139,67.4619469026549,67.8507992895204,82.6731793960924,,,
Peru,PER,Fertilizer consumption (kilograms per hectare of arable land),AG.CON.FERT.ZS,,,,,,,,,,,,,,,,,,,,,,,,,,,,,,,,,,,,,,,,,,,80.354128440367,82.2983050847458,88.2117647058824,76.7208651399491,85.4206030150754,100.562593516209,74.0652605459057,93.1581620314389,89.5209302325581,98.6426799007444,104.150361445783,105.027196149218,,,
Philippines,PHL,Fertilizer consumption (kilograms per hectare of arable land),AG.CON.FERT.ZS,,,,,,,,,,,,,,,,,,,,,,,,,,,,,,,,,,,,,,,,,,,146.361094224924,172.76861167002,159.845703125,152.155444555445,138.56120271581,159.308128544423,104.973027522936,121.445272727273,151.435471698113,143.998532110092,110.729032258065,71.5107334525939,,,
Palau,PLW,Fertilizer consumption (kilograms per hectare of arable land),AG.CON.FERT.ZS,,,,,,,,,,,,,,,,,,,,,,,,,,,,,,,,,,,,,,,,,,,,,,,,,,,,,,,,,
Papua New Guinea,PNG,Fertilizer consumption (kilograms per hectare of arable land),AG.CON.FERT.ZS,,,,,,,,,,,,,,,,,,,,,,,,,,,,,,,,,,,,,,,,,,,159.118181818182,393.528888888889,76.8260869565217,71.4083333333333,58888,75848,70.7033333333333,103.853333333333,109.483333333333,85.4766666666667,104.13,95.2,,,
Poland,POL,Fertilizer consumption (kilograms per hectare of arable land),AG.CON.FERT.ZS,,,,,,,,,,,,,,,,,,,,,,,,,,,,,,,,,,,,,,,,,,,116.19523443505,128.871057440216,129.13560666138,161.938884770612,159.338615782665,181.172291296625,157.718176534086,147.265042267529,180.478345184228,169.742295909173,177.885583524027,202.001945885841,,,
Pre-demographic dividend,PRE,Fertilizer consumption (kilograms per hectare of arable land),AG.CON.FERT.ZS,,,,,,,,,,,,,,,,,,,,,,,,,,,,,,,,,,,,,,,,,,,,6.62171967085511,8.59025800912747,8.39292518375534,9.30864561817645,8.24785792275568,8.71136547576346,8.66504373547329,10.9234627890392,10.6171550117107,11.99152767048,14.1852016416636,,,
Puerto Rico,PRI,Fertilizer consumption (kilograms per hectare of arable land),AG.CON.FERT.ZS,,,,,,,,,,,,,,,,,,,,,,,,,,,,,,,,,,,,,,,,,,,,,,,,,,,,,,,,,
"Korea, Dem. Peoples Rep.",PRK,Fertilizer consumption (kilograms per hectare of arable land),AG.CON.FERT.ZS,,,,,,,,,,,,,,,,,,,,,,,,,,,,,,,,,,,,,,,,,,,,,,,,,,,,,,,,,
Portugal,PRT,Fertilizer consumption (kilograms per hectare of arable land),AG.CON.FERT.ZS,,,,,,,,,,,,,,,,,,,,,,,,,,,,,,,,,,,,,,,,,,,194.036623215394,176.956266318538,208.314899154197,207.118153364632,135.289348171701,209.438868613139,161.609028960818,119.378772635815,150.078138718174,132.126548672566,114.559714795009,150.347670250896,,,
Paraguay,PRY,Fertilizer consumption (kilograms per hectare of arable land),AG.CON.FERT.ZS,,,,,,,,,,,,,,,,,,,,,,,,,,,,,,,,,,,,,,,,,,,47.7158878504673,66.2393292682927,78.4219584569733,65.7630057803468,72.7211267605634,94.310989010989,74.7040191642268,62.728855721393,82.0950542822678,97.6376306620209,83.3023782559456,96.9186666666667,,,
Pacific island small states,PSS,Fertilizer consumption (kilograms per hectare of arable land),AG.CON.FERT.ZS,,,,,,,,,,,,,,,,,,,,,,,,,,,,,,,,,,,,,,,,,,,,,,,,,,,,,,,,,
Post-demographic dividend,PST,Fertilizer consumption (kilograms per hectare of arable land),AG.CON.FERT.ZS,,,,,,,,,,,,,,,,,,,,,,,,,,,,,,,,,,,,,,,,,,,111.918631050775,116.958568480895,116.64110382234,113.163299527526,114.05018968492,119.811525449732,105.534061187163,97.3024277882583,109.658378021114,114.780104804538,115.401595542335,119.953906556461,,,
French Polynesia,PYF,Fertilizer consumption (kilograms per hectare of arable land),AG.CON.FERT.ZS,,,,,,,,,,,,,,,,,,,,,,,,,,,,,,,,,,,,,,,,,,,333.666666666667,285,319,251.333333333333,262,279.666666666667,307.333333333333,272.4,326.4,305.2,220.4,168.8,,,
Qatar,QAT,Fertilizer consumption (kilograms per hectare of arable land),AG.CON.FERT.ZS,,,,,,,,,,,,,,,,,,,,,,,,,,,,,,,,,,,,,,,,,,,44.4347826086956,0,4254.56896551724,633.534482758621,0,5413.84615384615,217.129071170084,3039.68253968254,6225.7829570284,11718.9277010561,11657.2700296736,6898.65343727853,,,
Romania,ROU,Fertilizer consumption (kilograms per hectare of arable land),AG.CON.FERT.ZS,,,,,,,,,,,,,,,,,,,,,,,,,,,,,,,,,,,,,,,,,,,34.7827431740614,38.6328249973339,42.6252383623107,51.3513633834168,40.5955923481374,44.6358501440922,45.6352482513473,48.4932301740812,52.5462497266565,54.134963868816,49.7808592862014,56.2349645552252,,,
Russian Federation,RUS,Fertilizer consumption (kilograms per hectare of arable land),AG.CON.FERT.ZS,,,,,,,,,,,,,,,,,,,,,,,,,,,,,,,,,,,,,,,,,,,13.5525371562791,11.0035166736021,11.4197763332405,11.7926441727363,12.4807113363055,14.2531297810387,15.8827446177116,15.6220944558522,16.0745378151261,16.4096666666667,15.6783298538622,15.2243128272251,,,
Rwanda,RWA,Fertilizer consumption (kilograms per hectare of arable land),AG.CON.FERT.ZS,,,,,,,,,,,,,,,,,,,,,,,,,,,,,,,,,,,,,,,,,,,,2.23857404021938,1.8318810312545,3.13971742543171,3.52327848043882,7.91475315729047,9.62288802978236,1.29058782521651,0.0836358459676845,0.0998738435660219,4.13998070789846,9.30486257928118,,,
South Asia,SAS,Fertilizer consumption (kilograms per hectare of arable land),AG.CON.FERT.ZS,,,,,,,,,,,,,,,,,,,,,,,,,,,,,,,,,,,,,,,,,,,99.7645282696902,102.485454061454,112.118206878759,124.285101493681,131.394044694343,134.698271597311,143.77971787623,157.758395246611,166.440843442394,168.764974664604,154.819473833367,149.31399251445,,,
Saudi Arabia,SAU,Fertilizer consumption (kilograms per hectare of arable land),AG.CON.FERT.ZS,,,,,,,,,,,,,,,,,,,,,,,,,,,,,,,,,,,,,,,,,,,56.4797222222222,119.181666666667,104.991428571429,93.9028571428571,98.7826086956522,118.82472431805,77.5950883498053,43.8235294117647,92.0408805031446,148.315922760367,361.48861084376,293.93741851369,,,
Sudan,SDN,Fertilizer consumption (kilograms per hectare of arable land),AG.CON.FERT.ZS,,,,,,,,,,,,,,,,,,,,,,,,,,,,,,,,,,,,,,,,,,,3.4724862279799,3.49545756702858,4.60896831122704,2.6752,2.55093333333333,3.58861121213696,3.84089850421821,8.43104915939562,10.7917064375862,9.40724671669794,10.5616535994298,12.7682926829268,,,
Senegal,SEN,Fertilizer consumption (kilograms per hectare of arable land),AG.CON.FERT.ZS,,,,,,,,,,,,,,,,,,,,,,,,,,,,,,,,,,,,,,,,,,,11.7944262295082,10.9386084583902,12.7117509206562,9.86628278950736,2.30888575458392,2.10896551724138,2.2716621253406,6.28969072164948,8.09584415584416,7.66507462686567,8.01910447761194,10.9516923076923,,,
Singapore,SGP,Fertilizer consumption (kilograms per hectare of arable land),AG.CON.FERT.ZS,,,,,,,,,,,,,,,,,,,,,,,,,,,,,,,,,,,,,,,,,,,1830,11566.6666666667,13528.5714285714,13753.0303030303,16532.3076923077,16242.8571428571,16266.6666666667,4663.33333333333,3131.25,4373.01587301587,3374.60317460317,2759.64912280702,,,
Solomon Islands,SLB,Fertilizer consumption (kilograms per hectare of arable land),AG.CON.FERT.ZS,,,,,,,,,,,,,,,,,,,,,,,,,,,,,,,,,,,,,,,,,,,,,,,,,,,,,,,,,
Sierra Leone,SLE,Fertilizer consumption (kilograms per hectare of arable land),AG.CON.FERT.ZS,,,,,,,,,,,,,,,,,,,,,,,,,,,,,,,,,,,,,,,,,,,,,,,,,,,,,,,,,
El Salvador,SLV,Fertilizer consumption (kilograms per hectare of arable land),AG.CON.FERT.ZS,,,,,,,,,,,,,,,,,,,,,,,,,,,,,,,,,,,,,,,,,,,71.6405797101449,78.1864904552129,86.6974063400576,130.60113960114,108.773178807947,152.609523809524,127.89897510981,117.321533923304,179.355126300149,186.784370477569,168.930555555556,159.201369863014,,,
San Marino,SMR,Fertilizer consumption (kilograms per hectare of arable land),AG.CON.FERT.ZS,,,,,,,,,,,,,,,,,,,,,,,,,,,,,,,,,,,,,,,,,,,,,,,,,,,,,,,,,
Somalia,SOM,Fertilizer consumption (kilograms per hectare of arable land),AG.CON.FERT.ZS,,,,,,,,,,,,,,,,,,,,,,,,,,,,,,,,,,,,,,,,,,,,,,,,,,,,,,,,,
Serbia,SRB,Fertilizer consumption (kilograms per hectare of arable land),AG.CON.FERT.ZS,,,,,,,,,,,,,,,,,,,,,,,,,,,,,,,,,,,,,,,,,,,,,,,117.391500904159,153.655046983935,114.556935190793,143.5245603396,116.444275736411,126.840315725562,171.852528945765,155.352531070021,,,
Sub-Saharan Africa (excluding high income),SSA,Fertilizer consumption (kilograms per hectare of arable land),AG.CON.FERT.ZS,,,,,,,,,,,,,,,,,,,,,,,,,,,,,,,,,,,,,,,,,,,,11.3902494716073,12.820499310325,10.9488819591874,13.0570329490186,12.5280751852335,12.2472144070081,12.5005957410164,15.0609256667486,14.5559592365751,16.3275808151526,17.9960605269362,,,
South Sudan,SSD,Fertilizer consumption (kilograms per hectare of arable land),AG.CON.FERT.ZS,,,,,,,,,,,,,,,,,,,,,,,,,,,,,,,,,,,,,,,,,,,,,,,,,,,,,,,,,
Sub-Saharan Africa,SSF,Fertilizer consumption (kilograms per hectare of arable land),AG.CON.FERT.ZS,,,,,,,,,,,,,,,,,,,,,,,,,,,,,,,,,,,,,,,,,,,,11.390323298322,12.8204891059544,10.9490084441784,13.0570217274076,12.5281688057884,12.2473289591769,12.5008046758956,15.0610061204583,14.5561850861026,16.3281473474702,17.9967630422617,,,
Small states,SST,Fertilizer consumption (kilograms per hectare of arable land),AG.CON.FERT.ZS,,,,,,,,,,,,,,,,,,,,,,,,,,,,,,,,,,,,,,,,,,,,,,,,,,,,,,,,,
Sao Tome and Principe,STP,Fertilizer consumption (kilograms per hectare of arable land),AG.CON.FERT.ZS,,,,,,,,,,,,,,,,,,,,,,,,,,,,,,,,,,,,,,,,,,,,,,,,,,,,,,,,,
Suriname,SUR,Fertilizer consumption (kilograms per hectare of arable land),AG.CON.FERT.ZS,,,,,,,,,,,,,,,,,,,,,,,,,,,,,,,,,,,,,,,,,,,92.1777777777778,109.054545454545,141.037735849057,106.367346938776,183.326530612245,149.434782608696,548.659574468085,158.293103448276,211.927272727273,206.293103448276,76.0384615384615,97.1666666666667,,,
Slovak Republic,SVK,Fertilizer consumption (kilograms per hectare of arable land),AG.CON.FERT.ZS,,,,,,,,,,,,,,,,,,,,,,,,,,,,,,,,,,,,,,,,,,,83.1063829787234,78.9483368719037,83.6669059583632,80.5039539899353,91.7815674891147,89.9506172839506,75.0839363241679,78.3096960926194,85.0639367816092,95.9373202990224,106.919485743015,112.088235294118,,,
Slovenia,SVN,Fertilizer consumption (kilograms per hectare of arable land),AG.CON.FERT.ZS,,,,,,,,,,,,,,,,,,,,,,,,,,,,,,,,,,,,,,,,,,,403.47619047619,400.28901734104,358.698863636364,329.551136363636,322.005617977528,324.525714285714,285.144444444444,246.194285714286,288.937169700529,281.252225519288,266.528829353524,267.380815623205,,,
Sweden,SWE,Fertilizer consumption (kilograms per hectare of arable land),AG.CON.FERT.ZS,,,,,,,,,,,,,,,,,,,,,,,,,,,,,,,,,,,,,,,,,,,99.8879342547628,98.2370592648162,97.8539156626506,87.8990348923534,86.420218785364,89.465706707086,99.1622239146992,64.0091116173121,81.8548571428571,85.3340996168582,76.1315890727203,84.3016178736518,,,
Swaziland,SWZ,Fertilizer consumption (kilograms per hectare of arable land),AG.CON.FERT.ZS,,,,,,,,,,,,,,,,,,,,,,,,,,,,,,,,,,,,,,,,,,,,,,,,,,,,,,,,,
Sint Maarten (Dutch part),SXM,Fertilizer consumption (kilograms per hectare of arable land),AG.CON.FERT.ZS,,,,,,,,,,,,,,,,,,,,,,,,,,,,,,,,,,,,,,,,,,,,,,,,,,,,,,,,,
Seychelles,SYC,Fertilizer consumption (kilograms per hectare of arable land),AG.CON.FERT.ZS,,,,,,,,,,,,,,,,,,,,,,,,,,,,,,,,,,,,,,,,,,,,24,11,34,11,30,34,52,32.2222222222222,562.5,1450,1750,,,
Syrian Arab Republic,SYR,Fertilizer consumption (kilograms per hectare of arable land),AG.CON.FERT.ZS,,,,,,,,,,,,,,,,,,,,,,,,,,,,,,,,,,,,,,,,,,,68.3527106466362,75.8486486486486,73.1812066428421,84.9458823529412,84.541113490364,80.6454814189189,87.9899978718876,65.4218415417559,33.016855131214,49.4191334191334,29.9858520900322,21.3384813384813,,,
Turks and Caicos Islands,TCA,Fertilizer consumption (kilograms per hectare of arable land),AG.CON.FERT.ZS,,,,,,,,,,,,,,,,,,,,,,,,,,,,,,,,,,,,,,,,,,,,,,,,,,,,,,,,,
Chad,TCD,Fertilizer consumption (kilograms per hectare of arable land),AG.CON.FERT.ZS,,,,,,,,,,,,,,,,,,,,,,,,,,,,,,,,,,,,,,,,,,,,,,,,,,,,,,,,,
East Asia & Pacific (IDA & IBRD countries),TEA,Fertilizer consumption (kilograms per hectare of arable land),AG.CON.FERT.ZS,,,,,,,,,,,,,,,,,,,,,,,,,,,,,,,,,,,,,,,,,,,231.678494683742,242.227263685201,249.923578141043,246.515033618868,,,,,,,,,,,
Europe & Central Asia (IDA & IBRD countries),TEC,Fertilizer consumption (kilograms per hectare of arable land),AG.CON.FERT.ZS,,,,,,,,,,,,,,,,,,,,,,,,,,,,,,,,,,,,,,,,,,,29.5533293802116,30.4705072539219,30.9120790355397,33.3412238177993,39.1691470773181,42.0542052225563,41.1747143792158,43.5035350350316,44.9559835271318,47.7700482352965,48.2799302909619,49.3069774880756,,,
Togo,TGO,Fertilizer consumption (kilograms per hectare of arable land),AG.CON.FERT.ZS,,,,,,,,,,,,,,,,,,,,,,,,,,,,,,,,,,,,,,,,,,,5.17263157894737,7.48893617021277,3.39311827956989,9.68380952380952,5.48,6.28225108225108,0.000427350427350427,6.16166666666667,8.96178861788618,10.2028455284553,5.00415094339623,11.6966037735849,,,
Thailand,THA,Fertilizer consumption (kilograms per hectare of arable land),AG.CON.FERT.ZS,,,,,,,,,,,,,,,,,,,,,,,,,,,,,,,,,,,,,,,,,,,110.522516082916,149.180394736842,131.695263157895,112.726907894737,117.399868421053,124.952894736842,130.517573770492,122.059318254221,162.155710659898,159.799682741117,150.961473429952,167.691731112433,,,
Tajikistan,TJK,Fertilizer consumption (kilograms per hectare of arable land),AG.CON.FERT.ZS,,,,,,,,,,,,,,,,,,,,,,,,,,,,,,,,,,,,,,,,,,,,,33.9434447300771,37.8243064729194,73.9484396200814,74.1286863270777,70.4453441295547,64.9272237196765,54.2193087008343,59.3917647058824,58.7209302325581,58.7209302325581,,,
Turkmenistan,TKM,Fertilizer consumption (kilograms per hectare of arable land),AG.CON.FERT.ZS,,,,,,,,,,,,,,,,,,,,,,,,,,,,,,,,,,,,,,,,,,,,,,,,,,,,,,,,,
Latin America & the Caribbean (IDA & IBRD countries),TLA,Fertilizer consumption (kilograms per hectare of arable land),AG.CON.FERT.ZS,,,,,,,,,,,,,,,,,,,,,,,,,,,,,,,,,,,,,,,,,,,90.9012433265255,109.617910757165,114.242098089912,98.7942641799466,101.08323948226,122.012855163502,104.729338652217,90.679574662917,114.630663632294,131.152520588634,128.188148644288,127.33595413615,,,
Middle East & North Africa (IDA & IBRD countries),TMN,Fertilizer consumption (kilograms per hectare of arable land),AG.CON.FERT.ZS,,,,,,,,,,,,,,,,,,,,,,,,,,,,,,,,,,,,,,,,,,,87.8842100669823,94.0358871809664,93.6068972481897,98.0372679628464,93.8122439285078,86.7582397022186,98.3368054482325,81.8485885478821,77.6207333749733,74.8279307742701,72.8819066248005,70.4556233062331,,,
Timor-Leste,TLS,Fertilizer consumption (kilograms per hectare of arable land),AG.CON.FERT.ZS,,,,,,,,,,,,,,,,,,,,,,,,,,,,,,,,,,,,,,,,,,,,,,,,,,,,,,,,,
Tonga,TON,Fertilizer consumption (kilograms per hectare of arable land),AG.CON.FERT.ZS,,,,,,,,,,,,,,,,,,,,,,,,,,,,,,,,,,,,,,,,,,,12.9333333333333,301.533333333333,98.0666666666667,95,48.9333333333333,10.1333333333333,10.8,277.75,254125,115125,353.5,240625,,,
South Asia (IDA & IBRD),TSA,Fertilizer consumption (kilograms per hectare of arable land),AG.CON.FERT.ZS,,,,,,,,,,,,,,,,,,,,,,,,,,,,,,,,,,,,,,,,,,,99.7645282696902,102.485454061454,112.118206878759,124.285101493681,131.394044694343,134.698271597311,143.77971787623,157.758395246611,166.440843442394,168.764974664604,154.819473833367,149.31399251445,,,
Sub-Saharan Africa (IDA & IBRD countries),TSS,Fertilizer consumption (kilograms per hectare of arable land),AG.CON.FERT.ZS,,,,,,,,,,,,,,,,,,,,,,,,,,,,,,,,,,,,,,,,,,,,11.390323298322,12.8204891059544,10.9490084441784,13.0570217274076,12.5281688057884,12.2473289591769,12.5008046758956,15.0610061204583,14.5561850861026,16.3281473474702,17.9967630422617,,,
Trinidad and Tobago,TTO,Fertilizer consumption (kilograms per hectare of arable land),AG.CON.FERT.ZS,,,,,,,,,,,,,,,,,,,,,,,,,,,,,,,,,,,,,,,,,,,796.666666666667,150.733333333333,84.8846153846154,160.84,939.8,67.84,868,274.96,659.68,87.64,544.8,75.2,,,
Tunisia,TUN,Fertilizer consumption (kilograms per hectare of arable land),AG.CON.FERT.ZS,,,,,,,,,,,,,,,,,,,,,,,,,,,,,,,,,,,,,,,,,,,25.2150848069289,36.3401433691756,36.1429595127195,64.089010989011,34.542888165038,27.1178192462495,34.3763668430335,43.5278906538604,40.3956783563585,51.4230362803804,55.4557584269663,41.0914826498423,,,
Turkey,TUR,Fertilizer consumption (kilograms per hectare of arable land),AG.CON.FERT.ZS,,,,,,,,,,,,,,,,,,,,,,,,,,,,,,,,,,,,,,,,,,,72.7959489872468,84.2946688345028,85.6275396925139,86.7593369702056,91.837343892781,90.3404613494699,71.9724889816748,104.566156151937,98.3756546950991,105.389405521204,109.081255771006,113.527267424905,,,
Tuvalu,TUV,Fertilizer consumption (kilograms per hectare of arable land),AG.CON.FERT.ZS,,,,,,,,,,,,,,,,,,,,,,,,,,,,,,,,,,,,,,,,,,,,,,,,,,,,,,,,,
Tanzania,TZA,Fertilizer consumption (kilograms per hectare of arable land),AG.CON.FERT.ZS,,,,,,,,,,,,,,,,,,,,,,,,,,,,,,,,,,,,,,,,,,,3.69976744186047,4.45550351288056,5.28915789473684,5.75443298969072,5.39762886597938,5.0716,4.67662042964232,7.52460869565217,8.78663793103448,8.60691056910569,7.69941176470588,4.67488888888889,,,
Uganda,UGA,Fertilizer consumption (kilograms per hectare of arable land),AG.CON.FERT.ZS,,,,,,,,,,,,,,,,,,,,,,,,,,,,,,,,,,,,,,,,,,,1.33267857142857,1.59504273504274,1.47193277310924,0.967394957983193,1.2544262295082,1.19952,2.94201550387597,2.08272727272727,1.71940740740741,1.76175182481752,1.84942028985507,2.24985507246377,,,
Ukraine,UKR,Fertilizer consumption (kilograms per hectare of arable land),AG.CON.FERT.ZS,,,,,,,,,,,,,,,,,,,,,,,,,,,,,,,,,,,,,,,,,,,15.9493915929204,15.77835591133,16.4180161320116,17.1924688771108,21.5536583862418,27.6388974532898,32.7868448605038,27.3034053821048,32.6581888721249,38.8722729930152,41.300202964512,45.7938264772797,,,
Upper middle income,UMC,Fertilizer consumption (kilograms per hectare of arable land),AG.CON.FERT.ZS,,,,,,,,,,,,,,,,,,,,,,,,,,,,,,,,,,,,,,,,,,,109.596207510146,116.379658593367,119.939608173397,115.151588623779,120.451289892638,128.527404542474,124.062947468905,121.732704827586,131.461341129615,137.734102770683,139.255704957324,136.507644245327,,,
Uruguay,URY,Fertilizer consumption (kilograms per hectare of arable land),AG.CON.FERT.ZS,,,,,,,,,,,,,,,,,,,,,,,,,,,,,,,,,,,,,,,,,,,61.02679217958,110.629602888087,129.988480921526,140.556034482759,148.696991404011,139.511517615176,104.414019715225,93.9257403189066,145.783571077226,131.588010204082,157.089177891314,163.241394148021,,,
United States,USA,Fertilizer consumption (kilograms per hectare of arable land),AG.CON.FERT.ZS,,,,,,,,,,,,,,,,,,,,,,,,,,,,,,,,,,,,,,,,,,,112.517271082283,119.560809629794,122.670840915621,118.599763800987,126.195686522111,123.269088213491,112.427320245766,108.492814984993,117.124415268249,125.09954882102,126.582686201505,131.906070325415,,,
Uzbekistan,UZB,Fertilizer consumption (kilograms per hectare of arable land),AG.CON.FERT.ZS,,,,,,,,,,,,,,,,,,,,,,,,,,,,,,,,,,,,,,,,,,,,,,,162.5,166.686436781609,173.019675925926,193.335581395349,182.581149425287,196.696046511628,204.282272727273,203.881818181818,,,
St. Vincent and the Grenadines,VCT,Fertilizer consumption (kilograms per hectare of arable land),AG.CON.FERT.ZS,,,,,,,,,,,,,,,,,,,,,,,,,,,,,,,,,,,,,,,,,,,,,,,,,,,,,,,,,
"Venezuela, RB",VEN,Fertilizer consumption (kilograms per hectare of arable land),AG.CON.FERT.ZS,,,,,,,,,,,,,,,,,,,,,,,,,,,,,,,,,,,,,,,,,,,144.37,168.860384615385,159.534339622642,166.751035781544,122.715630885122,135.498307634449,177.974074074074,166.176923076923,170.688888888889,170.37037037037,172.222222222222,179.848148148148,,,
British Virgin Islands,VGB,Fertilizer consumption (kilograms per hectare of arable land),AG.CON.FERT.ZS,,,,,,,,,,,,,,,,,,,,,,,,,,,,,,,,,,,,,,,,,,,,,,,,,,,,,,,,,
Virgin Islands (U.S.),VIR,Fertilizer consumption (kilograms per hectare of arable land),AG.CON.FERT.ZS,,,,,,,,,,,,,,,,,,,,,,,,,,,,,,,,,,,,,,,,,,,,,,,,,,,,,,,,,
Vietnam,VNM,Fertilizer consumption (kilograms per hectare of arable land),AG.CON.FERT.ZS,,,,,,,,,,,,,,,,,,,,,,,,,,,,,,,,,,,,,,,,,,,304.963939393939,342.302689560857,403.907102558158,292.26533501101,300.165248897291,353.006529732471,305.698686828492,407.72,323.33975394557,311.456110477559,295.996138755683,373.761447850846,,,
Vanuatu,VUT,Fertilizer consumption (kilograms per hectare of arable land),AG.CON.FERT.ZS,,,,,,,,,,,,,,,,,,,,,,,,,,,,,,,,,,,,,,,,,,,,,,,,,,,,,,,,,
West Bank and Gaza,PSE,Fertilizer consumption (kilograms per hectare of arable land),AG.CON.FERT.ZS,,,,,,,,,,,,,,,,,,,,,,,,,,,,,,,,,,,,,,,,,,,,,,,,,,,,,,,,,
World,WLD,Fertilizer consumption (kilograms per hectare of arable land),AG.CON.FERT.ZS,,,,,,,,,,,,,,,,,,,,,,,,,,,,,,,,,,,,,,,,,,,98.73157071515,103.333420675324,106.154719488784,104.755222577322,107.79453240893,113.608455204971,108.481296262539,107.398310714788,116.211136444139,120.5535640109,119.372580148359,119.920974612138,,,
Samoa,WSM,Fertilizer consumption (kilograms per hectare of arable land),AG.CON.FERT.ZS,,,,,,,,,,,,,,,,,,,,,,,,,,,,,,,,,,,,,,,,,,,0.769230769230769,1.84615384615385,3.33333333333333,3.36363636363636,2.30769230769231,3.8,5.44444444444444,4.43037974683544,2,1875,0.75,1.75,,,
"Yemen, Rep.",YEM,Fertilizer consumption (kilograms per hectare of arable land),AG.CON.FERT.ZS,,,,,,,,,,,,,,,,,,,,,,,,,,,,,,,,,,,,,,,,,,,8.19787985865724,4.49680511182109,13.6641509433962,3.80808080808081,8.4235807860262,21.4065934065934,14.6345381526104,12.0409906063194,19.4577846630519,12.4031007751938,9.70949720670391,21.5336538461538,,,
South Africa,ZAF,Fertilizer consumption (kilograms per hectare of arable land),AG.CON.FERT.ZS,,,,,,,,,,,,,,,,,,,,,,,,,,,,,,,,,,,,,,,,,,,61.2048905109489,55.1500735294118,60.2875939849624,47.3310056925996,62.3364285714286,61.021746031746,56.293203125,60.2474723538705,53.7809782175058,60.3374054682955,59.52336,57.71848,,,
"Congo, Dem. Rep.",COD,Fertilizer consumption (kilograms per hectare of arable land),AG.CON.FERT.ZS,,,,,,,,,,,,,,,,,,,,,,,,,,,,,,,,,,,,,,,,,,,,0.275223880597015,0.208208955223881,0.0677611940298507,0.454925373134328,0.634776119402985,0.940296296296296,0.79720176730486,1.10411764705882,1.58157142857143,0.894084507042254,1.3130985915493,,,
Zambia,ZMB,Fertilizer consumption (kilograms per hectare of arable land),AG.CON.FERT.ZS,,,,,,,,,,,,,,,,,,,,,,,,,,,,,,,,,,,,,,,,,,,26.074748257165,26.1729297146834,29.9046121593291,27.983865053172,25.6770660471291,32.3343506273313,38.6566186107471,25.7777464788732,29.1735294117647,46.1472222222222,33.9171052631579,42.1078378378378,,,
Zimbabwe,ZWE,Fertilizer consumption (kilograms per hectare of arable land),AG.CON.FERT.ZS,,,,,,,,,,,,,,,,,,,,,,,,,,,,,,,,,,,,,,,,,,,35.7013698630137,40.0087671232877,22.7242105263158,21.7994871794872,32.3563414634146,27.03525,21.9941176470588,28.7780487804878,34083,29.4530952380952,29.0595,36.80625,,,
